dataset,target,assessor,arm,k,n,n_sel,base,prec,lift,recall
alfworld,Llama-3.3-70B-Instruct,Llama-3.3-70B-Instruct,self,5,4765,238,0.8262,0.9034,1.0933,0.0546
alfworld,Llama-3.3-70B-Instruct,Llama-3.3-70B-Instruct,self,10,4765,476,0.8262,0.9181,1.1111,0.1110
alfworld,Llama-3.3-70B-Instruct,Llama-3.3-70B-Instruct,self,20,4765,953,0.8262,0.9265,1.1214,0.2243
alfworld,Llama-3.3-70B-Instruct,Llama-3.3-70B-Instruct,self,30,4765,1430,0.8262,0.9294,1.1248,0.3376
alfworld,Llama-3.3-70B-Instruct,Mistral-7B-Instruct-v0.3,cross,5,4765,238,0.8262,0.8445,1.0222,0.0511
alfworld,Llama-3.3-70B-Instruct,Mistral-7B-Instruct-v0.3,cross,10,4765,476,0.8262,0.8739,1.0578,0.1057
alfworld,Llama-3.3-70B-Instruct,Mistral-7B-Instruct-v0.3,cross,20,4765,953,0.8262,0.8772,1.0617,0.2123
alfworld,Llama-3.3-70B-Instruct,Mistral-7B-Instruct-v0.3,cross,30,4765,1430,0.8262,0.8825,1.0681,0.3205
alfworld,Llama-3.3-70B-Instruct,Phi-4-mini-instruct,cross,5,4765,238,0.8262,0.8487,1.0272,0.0513
alfworld,Llama-3.3-70B-Instruct,Phi-4-mini-instruct,cross,10,4765,476,0.8262,0.8424,1.0196,0.1019
alfworld,Llama-3.3-70B-Instruct,Phi-4-mini-instruct,cross,20,4765,953,0.8262,0.8583,1.0389,0.2078
alfworld,Llama-3.3-70B-Instruct,Phi-4-mini-instruct,cross,30,4765,1430,0.8262,0.8566,1.0368,0.3112
alfworld,Llama-3.3-70B-Instruct,gemma-3-4b-it,cross,5,4765,238,0.8262,0.8571,1.0374,0.0518
alfworld,Llama-3.3-70B-Instruct,gemma-3-4b-it,cross,10,4765,476,0.8262,0.8445,1.0222,0.1021
alfworld,Llama-3.3-70B-Instruct,gemma-3-4b-it,cross,20,4765,953,0.8262,0.8437,1.0211,0.2042
alfworld,Llama-3.3-70B-Instruct,gemma-3-4b-it,cross,30,4765,1430,0.8262,0.8643,1.0461,0.3139
alfworld,Llama-3.3-70B-Instruct,Qwen3.6-35B-A3B,cross,5,4765,238,0.8262,0.9622,1.1645,0.0582
alfworld,Llama-3.3-70B-Instruct,Qwen3.6-35B-A3B,cross,10,4765,476,0.8262,0.9349,1.1315,0.1130
alfworld,Llama-3.3-70B-Instruct,Qwen3.6-35B-A3B,cross,20,4765,953,0.8262,0.9391,1.1367,0.2273
alfworld,Llama-3.3-70B-Instruct,Qwen3.6-35B-A3B,cross,30,4765,1430,0.8262,0.9406,1.1384,0.3416
alfworld,Mistral-7B-Instruct-v0.3,Mistral-7B-Instruct-v0.3,self,5,6482,324,0.9392,0.9691,1.0319,0.0516
alfworld,Mistral-7B-Instruct-v0.3,Mistral-7B-Instruct-v0.3,self,10,6482,648,0.9392,0.9630,1.0253,0.1025
alfworld,Mistral-7B-Instruct-v0.3,Mistral-7B-Instruct-v0.3,self,20,6482,1296,0.9392,0.9606,1.0228,0.2045
alfworld,Mistral-7B-Instruct-v0.3,Mistral-7B-Instruct-v0.3,self,30,6482,1945,0.9392,0.9578,1.0198,0.3060
alfworld,Mistral-7B-Instruct-v0.3,Phi-4-mini-instruct,cross,5,6482,324,0.9392,0.9568,1.0187,0.0509
alfworld,Mistral-7B-Instruct-v0.3,Phi-4-mini-instruct,cross,10,6482,648,0.9392,0.9537,1.0154,0.1015
alfworld,Mistral-7B-Instruct-v0.3,Phi-4-mini-instruct,cross,20,6482,1296,0.9392,0.9560,1.0179,0.2035
alfworld,Mistral-7B-Instruct-v0.3,Phi-4-mini-instruct,cross,30,6482,1945,0.9392,0.9573,1.0193,0.3058
alfworld,Mistral-7B-Instruct-v0.3,gemma-3-4b-it,cross,5,6482,324,0.9392,0.9506,1.0121,0.0506
alfworld,Mistral-7B-Instruct-v0.3,gemma-3-4b-it,cross,10,6482,648,0.9392,0.9398,1.0006,0.1000
alfworld,Mistral-7B-Instruct-v0.3,gemma-3-4b-it,cross,20,6482,1296,0.9392,0.9421,1.0031,0.2006
alfworld,Mistral-7B-Instruct-v0.3,gemma-3-4b-it,cross,30,6482,1945,0.9392,0.9419,1.0029,0.3009
alfworld,Mistral-7B-Instruct-v0.3,Qwen3.6-35B-A3B,cross,5,6482,324,0.9392,0.9846,1.0483,0.0524
alfworld,Mistral-7B-Instruct-v0.3,Qwen3.6-35B-A3B,cross,10,6482,648,0.9392,0.9799,1.0434,0.1043
alfworld,Mistral-7B-Instruct-v0.3,Qwen3.6-35B-A3B,cross,20,6482,1296,0.9392,0.9815,1.0450,0.2089
alfworld,Mistral-7B-Instruct-v0.3,Qwen3.6-35B-A3B,cross,30,6482,1945,0.9392,0.9815,1.0450,0.3136
alfworld,Mistral-7B-Instruct-v0.3,Llama-3.3-70B-Instruct,cross,5,6482,345,0.9392,0.9768,1.0400,0.0554
alfworld,Mistral-7B-Instruct-v0.3,Llama-3.3-70B-Instruct,cross,10,6482,652,0.9392,0.9831,1.0468,0.1053
alfworld,Mistral-7B-Instruct-v0.3,Llama-3.3-70B-Instruct,cross,20,6482,1305,0.9392,0.9847,1.0484,0.2111
alfworld,Mistral-7B-Instruct-v0.3,Llama-3.3-70B-Instruct,cross,30,6482,1946,0.9392,0.9830,1.0467,0.3142
alfworld,Phi-4-mini-instruct,Phi-4-mini-instruct,self,5,6604,330,0.9346,0.9333,0.9987,0.0499
alfworld,Phi-4-mini-instruct,Phi-4-mini-instruct,self,10,6604,660,0.9346,0.9318,0.9970,0.0996
alfworld,Phi-4-mini-instruct,Phi-4-mini-instruct,self,20,6604,1321,0.9346,0.9372,1.0028,0.2006
alfworld,Phi-4-mini-instruct,Phi-4-mini-instruct,self,30,6604,1981,0.9346,0.9409,1.0068,0.3020
alfworld,Phi-4-mini-instruct,Mistral-7B-Instruct-v0.3,cross,5,6604,330,0.9346,0.9182,0.9824,0.0491
alfworld,Phi-4-mini-instruct,Mistral-7B-Instruct-v0.3,cross,10,6604,660,0.9346,0.9288,0.9938,0.0993
alfworld,Phi-4-mini-instruct,Mistral-7B-Instruct-v0.3,cross,20,6604,1321,0.9346,0.9387,1.0044,0.2009
alfworld,Phi-4-mini-instruct,Mistral-7B-Instruct-v0.3,cross,30,6604,1981,0.9346,0.9394,1.0052,0.3015
alfworld,Phi-4-mini-instruct,gemma-3-4b-it,cross,5,6604,330,0.9346,0.8879,0.9500,0.0475
alfworld,Phi-4-mini-instruct,gemma-3-4b-it,cross,10,6604,660,0.9346,0.8970,0.9598,0.0959
alfworld,Phi-4-mini-instruct,gemma-3-4b-it,cross,20,6604,1321,0.9346,0.9084,0.9720,0.1944
alfworld,Phi-4-mini-instruct,gemma-3-4b-it,cross,30,6604,1981,0.9346,0.9238,0.9884,0.2965
alfworld,Phi-4-mini-instruct,Qwen3.6-35B-A3B,cross,5,6604,330,0.9346,0.9576,1.0246,0.0512
alfworld,Phi-4-mini-instruct,Qwen3.6-35B-A3B,cross,10,6604,660,0.9346,0.9545,1.0214,0.1021
alfworld,Phi-4-mini-instruct,Qwen3.6-35B-A3B,cross,20,6604,1321,0.9346,0.9538,1.0206,0.2041
alfworld,Phi-4-mini-instruct,Qwen3.6-35B-A3B,cross,30,6604,1981,0.9346,0.9531,1.0198,0.3059
alfworld,Phi-4-mini-instruct,Llama-3.3-70B-Instruct,cross,5,6604,333,0.9346,0.9459,1.0122,0.0510
alfworld,Phi-4-mini-instruct,Llama-3.3-70B-Instruct,cross,10,6604,682,0.9346,0.9501,1.0167,0.1050
alfworld,Phi-4-mini-instruct,Llama-3.3-70B-Instruct,cross,20,6604,1334,0.9346,0.9543,1.0211,0.2063
alfworld,Phi-4-mini-instruct,Llama-3.3-70B-Instruct,cross,30,6604,1990,0.9346,0.9538,1.0205,0.3075
alfworld,Qwen3.5-27B,Qwen3.5-27B,self,5,3241,162,0.7377,0.9321,1.2635,0.0632
alfworld,Qwen3.5-27B,Qwen3.5-27B,self,10,3241,324,0.7377,0.9228,1.2509,0.1251
alfworld,Qwen3.5-27B,Qwen3.5-27B,self,20,3241,648,0.7377,0.9043,1.2258,0.2451
alfworld,Qwen3.5-27B,Qwen3.5-27B,self,30,3241,972,0.7377,0.8920,1.2091,0.3626
alfworld,Qwen3.5-4B,Qwen3.5-4B,self,5,4113,206,0.8303,0.8689,1.0465,0.0524
alfworld,Qwen3.5-4B,Qwen3.5-4B,self,10,4113,411,0.8303,0.8832,1.0637,0.1063
alfworld,Qwen3.5-4B,Qwen3.5-4B,self,20,4113,823,0.8303,0.8979,1.0815,0.2164
alfworld,Qwen3.5-4B,Qwen3.5-4B,self,30,4113,1234,0.8303,0.8987,1.0824,0.3247
alfworld,Qwen3.5-9B,Qwen3.5-9B,self,5,4265,213,0.8063,0.8498,1.0539,0.0526
alfworld,Qwen3.5-9B,Qwen3.5-9B,self,10,4265,426,0.8063,0.8685,1.0772,0.1076
alfworld,Qwen3.5-9B,Qwen3.5-9B,self,20,4265,853,0.8063,0.8617,1.0686,0.2137
alfworld,Qwen3.5-9B,Qwen3.5-9B,self,30,4265,1280,0.8063,0.8703,1.0793,0.3239
alfworld,Qwen3.6-35B-A3B,Qwen3.6-35B-A3B,self,5,3197,160,0.7501,0.9250,1.2332,0.0617
alfworld,Qwen3.6-35B-A3B,Qwen3.6-35B-A3B,self,10,3197,320,0.7501,0.8969,1.1957,0.1197
alfworld,Qwen3.6-35B-A3B,Qwen3.6-35B-A3B,self,20,3197,639,0.7501,0.8717,1.1621,0.2323
alfworld,Qwen3.6-35B-A3B,Qwen3.6-35B-A3B,self,30,3197,959,0.7501,0.8655,1.1539,0.3461
alfworld,Qwen3.6-35B-A3B,Mistral-7B-Instruct-v0.3,cross,5,3197,160,0.7501,0.8812,1.1749,0.0588
alfworld,Qwen3.6-35B-A3B,Mistral-7B-Instruct-v0.3,cross,10,3197,320,0.7501,0.8688,1.1582,0.1159
alfworld,Qwen3.6-35B-A3B,Mistral-7B-Instruct-v0.3,cross,20,3197,639,0.7501,0.8435,1.1246,0.2248
alfworld,Qwen3.6-35B-A3B,Mistral-7B-Instruct-v0.3,cross,30,3197,959,0.7501,0.8269,1.1024,0.3307
alfworld,Qwen3.6-35B-A3B,Phi-4-mini-instruct,cross,5,3197,160,0.7501,0.8562,1.1415,0.0571
alfworld,Qwen3.6-35B-A3B,Phi-4-mini-instruct,cross,10,3197,320,0.7501,0.8688,1.1582,0.1159
alfworld,Qwen3.6-35B-A3B,Phi-4-mini-instruct,cross,20,3197,639,0.7501,0.8858,1.1809,0.2360
alfworld,Qwen3.6-35B-A3B,Phi-4-mini-instruct,cross,30,3197,959,0.7501,0.8749,1.1664,0.3499
alfworld,Qwen3.6-35B-A3B,gemma-3-4b-it,cross,5,3197,160,0.7501,0.8187,1.0916,0.0546
alfworld,Qwen3.6-35B-A3B,gemma-3-4b-it,cross,10,3197,320,0.7501,0.8000,1.0666,0.1068
alfworld,Qwen3.6-35B-A3B,gemma-3-4b-it,cross,20,3197,639,0.7501,0.8028,1.0703,0.2139
alfworld,Qwen3.6-35B-A3B,gemma-3-4b-it,cross,30,3197,959,0.7501,0.8123,1.0830,0.3249
alfworld,Qwen3.6-35B-A3B,Llama-3.3-70B-Instruct,cross,5,3197,160,0.7501,0.9125,1.2165,0.0609
alfworld,Qwen3.6-35B-A3B,Llama-3.3-70B-Instruct,cross,10,3197,320,0.7501,0.9250,1.2332,0.1234
alfworld,Qwen3.6-35B-A3B,Llama-3.3-70B-Instruct,cross,20,3197,639,0.7501,0.9045,1.2059,0.2410
alfworld,Qwen3.6-35B-A3B,Llama-3.3-70B-Instruct,cross,30,3197,959,0.7501,0.8728,1.1636,0.3490
alfworld,deepseek-v4-flash,deepseek-v4-flash,self,5,3304,165,0.7564,0.8909,1.1779,0.0588
alfworld,deepseek-v4-flash,deepseek-v4-flash,self,10,3304,330,0.7564,0.8909,1.1779,0.1176
alfworld,deepseek-v4-flash,deepseek-v4-flash,self,20,3304,661,0.7564,0.8623,1.1401,0.2281
alfworld,deepseek-v4-flash,deepseek-v4-flash,self,30,3304,991,0.7564,0.8537,1.1287,0.3385
alfworld,deepseek-v4-flash,Mistral-7B-Instruct-v0.3,cross,5,3304,165,0.7564,0.8364,1.1058,0.0552
alfworld,deepseek-v4-flash,Mistral-7B-Instruct-v0.3,cross,10,3304,330,0.7564,0.8182,1.0817,0.1080
alfworld,deepseek-v4-flash,Mistral-7B-Instruct-v0.3,cross,20,3304,661,0.7564,0.8215,1.0861,0.2173
alfworld,deepseek-v4-flash,Mistral-7B-Instruct-v0.3,cross,30,3304,991,0.7564,0.8264,1.0927,0.3277
alfworld,deepseek-v4-flash,Phi-4-mini-instruct,cross,5,3304,165,0.7564,0.8848,1.1699,0.0584
alfworld,deepseek-v4-flash,Phi-4-mini-instruct,cross,10,3304,330,0.7564,0.8424,1.1138,0.1112
alfworld,deepseek-v4-flash,Phi-4-mini-instruct,cross,20,3304,661,0.7564,0.8472,1.1201,0.2241
alfworld,deepseek-v4-flash,Phi-4-mini-instruct,cross,30,3304,991,0.7564,0.8416,1.1127,0.3337
alfworld,deepseek-v4-flash,gemma-3-4b-it,cross,5,3304,165,0.7564,0.7879,1.0417,0.0520
alfworld,deepseek-v4-flash,gemma-3-4b-it,cross,10,3304,330,0.7564,0.7970,1.0537,0.1052
alfworld,deepseek-v4-flash,gemma-3-4b-it,cross,20,3304,661,0.7564,0.8079,1.0681,0.2137
alfworld,deepseek-v4-flash,gemma-3-4b-it,cross,30,3304,991,0.7564,0.8083,1.0686,0.3205
alfworld,deepseek-v4-flash,Qwen3.6-35B-A3B,cross,5,3304,165,0.7564,0.9576,1.2660,0.0632
alfworld,deepseek-v4-flash,Qwen3.6-35B-A3B,cross,10,3304,330,0.7564,0.9394,1.2420,0.1240
alfworld,deepseek-v4-flash,Qwen3.6-35B-A3B,cross,20,3304,661,0.7564,0.9168,1.2121,0.2425
alfworld,deepseek-v4-flash,Qwen3.6-35B-A3B,cross,30,3304,991,0.7564,0.8900,1.1767,0.3529
alfworld,deepseek-v4-flash,Llama-3.3-70B-Instruct,cross,5,3304,165,0.7564,0.9758,1.2901,0.0644
alfworld,deepseek-v4-flash,Llama-3.3-70B-Instruct,cross,10,3304,330,0.7564,0.9424,1.2460,0.1244
alfworld,deepseek-v4-flash,Llama-3.3-70B-Instruct,cross,20,3304,661,0.7564,0.9032,1.1941,0.2389
alfworld,deepseek-v4-flash,Llama-3.3-70B-Instruct,cross,30,3304,991,0.7564,0.8769,1.1594,0.3477
alfworld,gemma-3-4b-it,gemma-3-4b-it,self,5,6790,340,0.9639,0.9000,0.9337,0.0468
alfworld,gemma-3-4b-it,gemma-3-4b-it,self,10,6790,679,0.9639,0.9234,0.9580,0.0958
alfworld,gemma-3-4b-it,gemma-3-4b-it,self,20,6790,1358,0.9639,0.9514,0.9870,0.1974
alfworld,gemma-3-4b-it,gemma-3-4b-it,self,30,6790,2037,0.9639,0.9632,0.9992,0.2998
alfworld,gemma-3-4b-it,Mistral-7B-Instruct-v0.3,cross,5,6790,340,0.9639,0.9118,0.9459,0.0474
alfworld,gemma-3-4b-it,Mistral-7B-Instruct-v0.3,cross,10,6790,679,0.9639,0.9440,0.9794,0.0979
alfworld,gemma-3-4b-it,Mistral-7B-Instruct-v0.3,cross,20,6790,1358,0.9639,0.9654,1.0015,0.2003
alfworld,gemma-3-4b-it,Mistral-7B-Instruct-v0.3,cross,30,6790,2037,0.9639,0.9701,1.0064,0.3019
alfworld,gemma-3-4b-it,Phi-4-mini-instruct,cross,5,6790,340,0.9639,0.9412,0.9764,0.0489
alfworld,gemma-3-4b-it,Phi-4-mini-instruct,cross,10,6790,679,0.9639,0.9543,0.9901,0.0990
alfworld,gemma-3-4b-it,Phi-4-mini-instruct,cross,20,6790,1358,0.9639,0.9683,1.0046,0.2009
alfworld,gemma-3-4b-it,Phi-4-mini-instruct,cross,30,6790,2037,0.9639,0.9720,1.0084,0.3025
alfworld,gemma-3-4b-it,Qwen3.6-35B-A3B,cross,5,6790,340,0.9639,0.9912,1.0283,0.0515
alfworld,gemma-3-4b-it,Qwen3.6-35B-A3B,cross,10,6790,679,0.9639,0.9912,1.0283,0.1028
alfworld,gemma-3-4b-it,Qwen3.6-35B-A3B,cross,20,6790,1358,0.9639,0.9890,1.0260,0.2052
alfworld,gemma-3-4b-it,Qwen3.6-35B-A3B,cross,30,6790,2037,0.9639,0.9867,1.0237,0.3071
alfworld,gemma-3-4b-it,Llama-3.3-70B-Instruct,cross,5,6790,348,0.9639,0.9626,0.9987,0.0512
alfworld,gemma-3-4b-it,Llama-3.3-70B-Instruct,cross,10,6790,705,0.9639,0.9745,1.0109,0.1050
alfworld,gemma-3-4b-it,Llama-3.3-70B-Instruct,cross,20,6790,1366,0.9639,0.9788,1.0154,0.2043
alfworld,gemma-3-4b-it,Llama-3.3-70B-Instruct,cross,30,6790,2064,0.9639,0.9806,1.0173,0.3092
hotpotqa,Llama-3.3-70B-Instruct,Llama-3.3-70B-Instruct,self,5,2530,126,0.3877,0.6667,1.7193,0.0856
hotpotqa,Llama-3.3-70B-Instruct,Llama-3.3-70B-Instruct,self,10,2530,253,0.3877,0.7194,1.8552,0.1855
hotpotqa,Llama-3.3-70B-Instruct,Llama-3.3-70B-Instruct,self,20,2530,506,0.3877,0.6779,1.7482,0.3496
hotpotqa,Llama-3.3-70B-Instruct,Llama-3.3-70B-Instruct,self,30,2530,759,0.3877,0.6337,1.6344,0.4903
hotpotqa,Llama-3.3-70B-Instruct,Mistral-7B-Instruct-v0.3,cross,5,2530,126,0.3877,0.5000,1.2895,0.0642
hotpotqa,Llama-3.3-70B-Instruct,Mistral-7B-Instruct-v0.3,cross,10,2530,253,0.3877,0.4941,1.2742,0.1274
hotpotqa,Llama-3.3-70B-Instruct,Mistral-7B-Instruct-v0.3,cross,20,2530,506,0.3877,0.5020,1.2946,0.2589
hotpotqa,Llama-3.3-70B-Instruct,Mistral-7B-Instruct-v0.3,cross,30,2530,759,0.3877,0.5112,1.3184,0.3955
hotpotqa,Llama-3.3-70B-Instruct,Phi-4-mini-instruct,cross,5,2530,126,0.3877,0.5317,1.3714,0.0683
hotpotqa,Llama-3.3-70B-Instruct,Phi-4-mini-instruct,cross,10,2530,253,0.3877,0.5296,1.3660,0.1366
hotpotqa,Llama-3.3-70B-Instruct,Phi-4-mini-instruct,cross,20,2530,506,0.3877,0.5711,1.4730,0.2946
hotpotqa,Llama-3.3-70B-Instruct,Phi-4-mini-instruct,cross,30,2530,759,0.3877,0.5665,1.4611,0.4383
hotpotqa,Llama-3.3-70B-Instruct,gemma-3-4b-it,cross,5,2530,126,0.3877,0.5238,1.3509,0.0673
hotpotqa,Llama-3.3-70B-Instruct,gemma-3-4b-it,cross,10,2530,253,0.3877,0.5138,1.3252,0.1325
hotpotqa,Llama-3.3-70B-Instruct,gemma-3-4b-it,cross,20,2530,506,0.3877,0.4763,1.2283,0.2457
hotpotqa,Llama-3.3-70B-Instruct,gemma-3-4b-it,cross,30,2530,759,0.3877,0.4796,1.2368,0.3710
hotpotqa,Llama-3.3-70B-Instruct,Qwen3.6-35B-A3B,cross,5,2530,126,0.3877,0.6746,1.7398,0.0866
hotpotqa,Llama-3.3-70B-Instruct,Qwen3.6-35B-A3B,cross,10,2530,253,0.3877,0.6917,1.7839,0.1784
hotpotqa,Llama-3.3-70B-Instruct,Qwen3.6-35B-A3B,cross,20,2530,506,0.3877,0.6680,1.7227,0.3445
hotpotqa,Llama-3.3-70B-Instruct,Qwen3.6-35B-A3B,cross,30,2530,759,0.3877,0.6285,1.6208,0.4862
hotpotqa,Mistral-7B-Instruct-v0.3,Mistral-7B-Instruct-v0.3,self,5,3224,161,0.7267,0.8137,1.1196,0.0559
hotpotqa,Mistral-7B-Instruct-v0.3,Mistral-7B-Instruct-v0.3,self,10,3224,322,0.7267,0.8385,1.1538,0.1152
hotpotqa,Mistral-7B-Instruct-v0.3,Mistral-7B-Instruct-v0.3,self,20,3224,645,0.7267,0.8233,1.1328,0.2266
hotpotqa,Mistral-7B-Instruct-v0.3,Mistral-7B-Instruct-v0.3,self,30,3224,967,0.7267,0.8211,1.1298,0.3389
hotpotqa,Mistral-7B-Instruct-v0.3,Phi-4-mini-instruct,cross,5,3224,161,0.7267,0.8261,1.1367,0.0568
hotpotqa,Mistral-7B-Instruct-v0.3,Phi-4-mini-instruct,cross,10,3224,322,0.7267,0.8043,1.1068,0.1105
hotpotqa,Mistral-7B-Instruct-v0.3,Phi-4-mini-instruct,cross,20,3224,645,0.7267,0.8233,1.1328,0.2266
hotpotqa,Mistral-7B-Instruct-v0.3,Phi-4-mini-instruct,cross,30,3224,967,0.7267,0.8201,1.1284,0.3385
hotpotqa,Mistral-7B-Instruct-v0.3,gemma-3-4b-it,cross,5,3224,161,0.7267,0.8323,1.1453,0.0572
hotpotqa,Mistral-7B-Instruct-v0.3,gemma-3-4b-it,cross,10,3224,322,0.7267,0.8199,1.1282,0.1127
hotpotqa,Mistral-7B-Instruct-v0.3,gemma-3-4b-it,cross,20,3224,645,0.7267,0.8140,1.1200,0.2241
hotpotqa,Mistral-7B-Instruct-v0.3,gemma-3-4b-it,cross,30,3224,967,0.7267,0.8108,1.1156,0.3346
hotpotqa,Mistral-7B-Instruct-v0.3,Qwen3.6-35B-A3B,cross,5,3224,161,0.7267,0.9006,1.2393,0.0619
hotpotqa,Mistral-7B-Instruct-v0.3,Qwen3.6-35B-A3B,cross,10,3224,322,0.7267,0.9068,1.2478,0.1246
hotpotqa,Mistral-7B-Instruct-v0.3,Qwen3.6-35B-A3B,cross,20,3224,645,0.7267,0.9147,1.2587,0.2518
hotpotqa,Mistral-7B-Instruct-v0.3,Qwen3.6-35B-A3B,cross,30,3224,967,0.7267,0.9038,1.2437,0.3730
hotpotqa,Mistral-7B-Instruct-v0.3,Llama-3.3-70B-Instruct,cross,5,3224,164,0.7267,0.9817,1.3508,0.0687
hotpotqa,Mistral-7B-Instruct-v0.3,Llama-3.3-70B-Instruct,cross,10,3224,323,0.7267,0.9690,1.3334,0.1336
hotpotqa,Mistral-7B-Instruct-v0.3,Llama-3.3-70B-Instruct,cross,20,3224,645,0.7267,0.9566,1.3163,0.2633
hotpotqa,Mistral-7B-Instruct-v0.3,Llama-3.3-70B-Instruct,cross,30,3224,967,0.7267,0.9369,1.2892,0.3867
hotpotqa,Phi-4-mini-instruct,Phi-4-mini-instruct,self,5,2716,136,0.6830,0.9044,1.3242,0.0663
hotpotqa,Phi-4-mini-instruct,Phi-4-mini-instruct,self,10,2716,272,0.6830,0.8566,1.2542,0.1256
hotpotqa,Phi-4-mini-instruct,Phi-4-mini-instruct,self,20,2716,543,0.6830,0.8214,1.2026,0.2404
hotpotqa,Phi-4-mini-instruct,Phi-4-mini-instruct,self,30,2716,815,0.6830,0.8270,1.2108,0.3633
hotpotqa,Phi-4-mini-instruct,Mistral-7B-Instruct-v0.3,cross,5,2716,136,0.6830,0.8603,1.2596,0.0631
hotpotqa,Phi-4-mini-instruct,Mistral-7B-Instruct-v0.3,cross,10,2716,272,0.6830,0.8419,1.2327,0.1235
hotpotqa,Phi-4-mini-instruct,Mistral-7B-Instruct-v0.3,cross,20,2716,543,0.6830,0.8214,1.2026,0.2404
hotpotqa,Phi-4-mini-instruct,Mistral-7B-Instruct-v0.3,cross,30,2716,815,0.6830,0.8147,1.1929,0.3580
hotpotqa,Phi-4-mini-instruct,gemma-3-4b-it,cross,5,2716,136,0.6830,0.9265,1.3565,0.0679
hotpotqa,Phi-4-mini-instruct,gemma-3-4b-it,cross,10,2716,272,0.6830,0.8971,1.3134,0.1315
hotpotqa,Phi-4-mini-instruct,gemma-3-4b-it,cross,20,2716,543,0.6830,0.8858,1.2970,0.2593
hotpotqa,Phi-4-mini-instruct,gemma-3-4b-it,cross,30,2716,815,0.6830,0.8564,1.2540,0.3763
hotpotqa,Phi-4-mini-instruct,Qwen3.6-35B-A3B,cross,5,2716,136,0.6830,0.9118,1.3350,0.0668
hotpotqa,Phi-4-mini-instruct,Qwen3.6-35B-A3B,cross,10,2716,272,0.6830,0.9154,1.3403,0.1342
hotpotqa,Phi-4-mini-instruct,Qwen3.6-35B-A3B,cross,20,2716,543,0.6830,0.9171,1.3428,0.2685
hotpotqa,Phi-4-mini-instruct,Qwen3.6-35B-A3B,cross,30,2716,815,0.6830,0.9117,1.3348,0.4005
hotpotqa,Phi-4-mini-instruct,Llama-3.3-70B-Instruct,cross,5,2716,137,0.6830,0.9781,1.4321,0.0722
hotpotqa,Phi-4-mini-instruct,Llama-3.3-70B-Instruct,cross,10,2716,273,0.6830,0.9780,1.4320,0.1439
hotpotqa,Phi-4-mini-instruct,Llama-3.3-70B-Instruct,cross,20,2716,544,0.6830,0.9596,1.4049,0.2814
hotpotqa,Phi-4-mini-instruct,Llama-3.3-70B-Instruct,cross,30,2716,815,0.6830,0.9423,1.3797,0.4140
hotpotqa,Qwen3.5-4B,Qwen3.5-4B,self,5,2371,119,0.5091,0.8655,1.7003,0.0853
hotpotqa,Qwen3.5-4B,Qwen3.5-4B,self,10,2371,237,0.5091,0.8565,1.6826,0.1682
hotpotqa,Qwen3.5-4B,Qwen3.5-4B,self,20,2371,474,0.5091,0.8249,1.6204,0.3239
hotpotqa,Qwen3.5-4B,Qwen3.5-4B,self,30,2371,711,0.5091,0.7975,1.5665,0.4698
hotpotqa,Qwen3.5-9B,Qwen3.5-9B,self,5,2296,115,0.4917,0.9043,1.8391,0.0921
hotpotqa,Qwen3.5-9B,Qwen3.5-9B,self,10,2296,230,0.4917,0.9087,1.8480,0.1851
hotpotqa,Qwen3.5-9B,Qwen3.5-9B,self,20,2296,459,0.4917,0.8562,1.7412,0.3481
hotpotqa,Qwen3.5-9B,Qwen3.5-9B,self,30,2296,689,0.4917,0.8403,1.7090,0.5128
hotpotqa,Qwen3.6-35B-A3B,Qwen3.6-35B-A3B,self,5,2192,110,0.4083,0.8364,2.0484,0.1028
hotpotqa,Qwen3.6-35B-A3B,Qwen3.6-35B-A3B,self,10,2192,219,0.4083,0.8082,1.9795,0.1978
hotpotqa,Qwen3.6-35B-A3B,Qwen3.6-35B-A3B,self,20,2192,438,0.4083,0.8037,1.9683,0.3933
hotpotqa,Qwen3.6-35B-A3B,Qwen3.6-35B-A3B,self,30,2192,658,0.4083,0.7644,1.8722,0.5620
hotpotqa,Qwen3.6-35B-A3B,Mistral-7B-Instruct-v0.3,cross,5,2192,110,0.4083,0.6727,1.6476,0.0827
hotpotqa,Qwen3.6-35B-A3B,Mistral-7B-Instruct-v0.3,cross,10,2192,219,0.4083,0.6667,1.6328,0.1631
hotpotqa,Qwen3.6-35B-A3B,Mistral-7B-Instruct-v0.3,cross,20,2192,438,0.4083,0.6187,1.5153,0.3028
hotpotqa,Qwen3.6-35B-A3B,Mistral-7B-Instruct-v0.3,cross,30,2192,658,0.4083,0.6155,1.5075,0.4525
hotpotqa,Qwen3.6-35B-A3B,Phi-4-mini-instruct,cross,5,2192,110,0.4083,0.6909,1.6921,0.0849
hotpotqa,Qwen3.6-35B-A3B,Phi-4-mini-instruct,cross,10,2192,219,0.4083,0.7123,1.7446,0.1743
hotpotqa,Qwen3.6-35B-A3B,Phi-4-mini-instruct,cross,20,2192,438,0.4083,0.6575,1.6104,0.3218
hotpotqa,Qwen3.6-35B-A3B,Phi-4-mini-instruct,cross,30,2192,658,0.4083,0.6246,1.5298,0.4592
hotpotqa,Qwen3.6-35B-A3B,gemma-3-4b-it,cross,5,2192,110,0.4083,0.4545,1.1133,0.0559
hotpotqa,Qwen3.6-35B-A3B,gemma-3-4b-it,cross,10,2192,219,0.4083,0.4840,1.1854,0.1184
hotpotqa,Qwen3.6-35B-A3B,gemma-3-4b-it,cross,20,2192,438,0.4083,0.5023,1.2302,0.2458
hotpotqa,Qwen3.6-35B-A3B,gemma-3-4b-it,cross,30,2192,658,0.4083,0.5137,1.2581,0.3777
hotpotqa,Qwen3.6-35B-A3B,Llama-3.3-70B-Instruct,cross,5,2192,110,0.4083,0.7273,1.7812,0.0894
hotpotqa,Qwen3.6-35B-A3B,Llama-3.3-70B-Instruct,cross,10,2192,219,0.4083,0.7397,1.8117,0.1810
hotpotqa,Qwen3.6-35B-A3B,Llama-3.3-70B-Instruct,cross,20,2192,438,0.4083,0.7260,1.7782,0.3553
hotpotqa,Qwen3.6-35B-A3B,Llama-3.3-70B-Instruct,cross,30,2192,658,0.4083,0.7021,1.7196,0.5162
hotpotqa,gemma-3-4b-it,gemma-3-4b-it,self,5,2565,128,0.6055,0.7344,1.2129,0.0605
hotpotqa,gemma-3-4b-it,gemma-3-4b-it,self,10,2565,256,0.6055,0.7383,1.2194,0.1217
hotpotqa,gemma-3-4b-it,gemma-3-4b-it,self,20,2565,513,0.6055,0.7349,1.2138,0.2428
hotpotqa,gemma-3-4b-it,gemma-3-4b-it,self,30,2565,770,0.6055,0.7532,1.2441,0.3735
hotpotqa,gemma-3-4b-it,Mistral-7B-Instruct-v0.3,cross,5,2565,128,0.6055,0.7109,1.1742,0.0586
hotpotqa,gemma-3-4b-it,Mistral-7B-Instruct-v0.3,cross,10,2565,256,0.6055,0.7500,1.2387,0.1236
hotpotqa,gemma-3-4b-it,Mistral-7B-Instruct-v0.3,cross,20,2565,513,0.6055,0.7641,1.2621,0.2524
hotpotqa,gemma-3-4b-it,Mistral-7B-Instruct-v0.3,cross,30,2565,770,0.6055,0.7688,1.2698,0.3812
hotpotqa,gemma-3-4b-it,Phi-4-mini-instruct,cross,5,2565,128,0.6055,0.7656,1.2645,0.0631
hotpotqa,gemma-3-4b-it,Phi-4-mini-instruct,cross,10,2565,256,0.6055,0.7969,1.3162,0.1314
hotpotqa,gemma-3-4b-it,Phi-4-mini-instruct,cross,20,2565,513,0.6055,0.7797,1.2878,0.2576
hotpotqa,gemma-3-4b-it,Phi-4-mini-instruct,cross,30,2565,770,0.6055,0.7740,1.2784,0.3838
hotpotqa,gemma-3-4b-it,Qwen3.6-35B-A3B,cross,5,2565,128,0.6055,0.9297,1.5355,0.0766
hotpotqa,gemma-3-4b-it,Qwen3.6-35B-A3B,cross,10,2565,256,0.6055,0.9375,1.5484,0.1545
hotpotqa,gemma-3-4b-it,Qwen3.6-35B-A3B,cross,20,2565,513,0.6055,0.9084,1.5003,0.3001
hotpotqa,gemma-3-4b-it,Qwen3.6-35B-A3B,cross,30,2565,770,0.6055,0.8922,1.4736,0.4424
hotpotqa,gemma-3-4b-it,Llama-3.3-70B-Instruct,cross,5,2565,128,0.6055,0.9766,1.6129,0.0805
hotpotqa,gemma-3-4b-it,Llama-3.3-70B-Instruct,cross,10,2565,256,0.6055,0.9766,1.6129,0.1610
hotpotqa,gemma-3-4b-it,Llama-3.3-70B-Instruct,cross,20,2565,513,0.6055,0.9474,1.5647,0.3129
hotpotqa,gemma-3-4b-it,Llama-3.3-70B-Instruct,cross,30,2565,770,0.6055,0.9234,1.5251,0.4578
