dataset,target,assessor,arm,n,inc_med,inc_mean,inc_q25,inc_q75,cor_med,cut_pctile
alfworld,Llama-3.3-70B-Instruct,Llama-3.3-70B-Instruct,self,4765,54.870,53.323,29.366,77.687,29.240,44.000
alfworld,Llama-3.3-70B-Instruct,Mistral-7B-Instruct-v0.3,cross,4765,52.939,52.377,28.401,76.469,33.753,62.000
alfworld,Llama-3.3-70B-Instruct,Phi-4-mini-instruct,cross,4765,52.498,52.228,28.799,75.966,33.207,81.000
alfworld,Llama-3.3-70B-Instruct,gemma-3-4b-it,cross,4765,52.225,51.588,27.519,75.840,37.657,64.000
alfworld,Llama-3.3-70B-Instruct,Qwen3.6-35B-A3B,cross,4765,55.101,53.800,29.870,78.044,26.490,52.000
alfworld,Mistral-7B-Instruct-v0.3,Mistral-7B-Instruct-v0.3,self,6482,50.625,50.595,25.752,75.559,36.723,64.000
alfworld,Mistral-7B-Instruct-v0.3,Phi-4-mini-instruct,cross,6482,50.779,50.591,25.721,75.467,37.155,66.000
alfworld,Mistral-7B-Instruct-v0.3,gemma-3-4b-it,cross,6482,50.548,50.408,25.814,75.081,39.932,79.000
alfworld,Mistral-7B-Instruct-v0.3,Qwen3.6-35B-A3B,cross,6482,52.137,51.684,27.758,76.099,14.489,71.000
alfworld,Mistral-7B-Instruct-v0.3,Llama-3.3-70B-Instruct,cross,6482,52.245,51.676,27.773,76.192,15.260,77.000
alfworld,Phi-4-mini-instruct,Phi-4-mini-instruct,self,6604,50.522,50.386,25.700,75.269,40.497,68.000
alfworld,Phi-4-mini-instruct,Mistral-7B-Instruct-v0.3,cross,6604,50.189,50.273,25.504,75.072,47.796,91.000
alfworld,Phi-4-mini-instruct,gemma-3-4b-it,cross,6604,50.114,50.093,25.504,74.618,47.796,88.000
alfworld,Phi-4-mini-instruct,Qwen3.6-35B-A3B,cross,6604,51.249,50.961,26.594,75.451,27.669,79.000
alfworld,Phi-4-mini-instruct,Llama-3.3-70B-Instruct,cross,6604,51.174,50.924,26.503,75.526,29.002,76.000
alfworld,Qwen3.5-27B,Qwen3.5-27B,self,3241,57.932,56.802,35.000,79.660,22.932,73.000
alfworld,Qwen3.5-4B,Qwen3.5-4B,self,4113,53.332,52.714,28.915,76.970,30.593,79.000
alfworld,Qwen3.5-9B,Qwen3.5-9B,self,4265,53.940,53.232,29.902,76.759,29.386,81.000
alfworld,Qwen3.6-35B-A3B,Qwen3.6-35B-A3B,self,3197,56.164,55.354,32.854,78.473,24.875,75.000
alfworld,Qwen3.6-35B-A3B,Mistral-7B-Instruct-v0.3,cross,3197,54.693,53.955,31.133,77.628,31.696,62.000
alfworld,Qwen3.6-35B-A3B,Phi-4-mini-instruct,cross,3197,56.727,55.058,32.572,78.849,27.190,64.000
alfworld,Qwen3.6-35B-A3B,gemma-3-4b-it,cross,3197,53.661,52.403,28.567,76.721,40.394,51.000
alfworld,Qwen3.6-35B-A3B,Llama-3.3-70B-Instruct,cross,3197,55.976,54.723,31.758,79.224,29.881,63.000
alfworld,deepseek-v4-flash,deepseek-v4-flash,self,3304,55.798,54.160,30.790,78.171,31.729,51.000
alfworld,deepseek-v4-flash,Mistral-7B-Instruct-v0.3,cross,3304,53.164,52.895,29.609,77.112,37.239,75.000
alfworld,deepseek-v4-flash,Phi-4-mini-instruct,cross,3304,54.738,54.043,31.093,77.566,30.972,75.000
alfworld,deepseek-v4-flash,gemma-3-4b-it,cross,3304,52.346,51.655,27.309,76.597,43.839,45.000
alfworld,deepseek-v4-flash,Qwen3.6-35B-A3B,cross,3304,55.889,55.257,32.334,79.413,27.490,68.000
alfworld,deepseek-v4-flash,Llama-3.3-70B-Instruct,cross,3304,55.283,54.204,30.366,79.080,32.849,64.000
alfworld,gemma-3-4b-it,gemma-3-4b-it,self,6790,50.405,50.302,25.806,74.827,31.610,79.000
alfworld,gemma-3-4b-it,Mistral-7B-Instruct-v0.3,cross,6790,50.508,50.448,25.895,75.107,28.045,88.000
alfworld,gemma-3-4b-it,Phi-4-mini-instruct,cross,6790,50.538,50.395,25.674,75.210,30.756,67.000
alfworld,gemma-3-4b-it,Qwen3.6-35B-A3B,cross,6790,51.083,50.948,26.469,75.622,12.181,83.000
alfworld,gemma-3-4b-it,Llama-3.3-70B-Instruct,cross,6790,50.921,50.769,26.278,75.048,15.584,81.000
hotpotqa,Llama-3.3-70B-Instruct,Llama-3.3-70B-Instruct,self,2530,69.197,65.003,48.161,86.319,37.248,45.000
hotpotqa,Llama-3.3-70B-Instruct,Mistral-7B-Instruct-v0.3,cross,2530,61.684,58.335,39.027,80.664,41.202,64.000
hotpotqa,Llama-3.3-70B-Instruct,Phi-4-mini-instruct,cross,2530,65.401,60.420,41.360,83.037,39.937,44.000
hotpotqa,Llama-3.3-70B-Instruct,gemma-3-4b-it,cross,2530,60.459,57.749,38.948,79.755,41.795,65.000
hotpotqa,Llama-3.3-70B-Instruct,Qwen3.6-35B-A3B,cross,2530,69.039,64.882,46.975,86.042,37.011,44.000
hotpotqa,Mistral-7B-Instruct-v0.3,Mistral-7B-Instruct-v0.3,self,3224,55.756,54.733,33.137,77.909,28.141,71.000
hotpotqa,Mistral-7B-Instruct-v0.3,Phi-4-mini-instruct,cross,3224,55.445,53.990,31.027,77.630,33.850,55.000
hotpotqa,Mistral-7B-Instruct-v0.3,gemma-3-4b-it,cross,3224,55.787,54.439,32.392,77.692,30.251,67.000
hotpotqa,Mistral-7B-Instruct-v0.3,Qwen3.6-35B-A3B,cross,3224,59.510,58.528,38.318,80.143,17.313,66.000
hotpotqa,Mistral-7B-Instruct-v0.3,Llama-3.3-70B-Instruct,cross,3224,60.565,58.956,38.722,81.011,18.213,61.000
hotpotqa,Phi-4-mini-instruct,Phi-4-mini-instruct,self,2716,56.832,54.144,29.503,79.300,38.711,45.000
hotpotqa,Phi-4-mini-instruct,Mistral-7B-Instruct-v0.3,cross,2716,57.422,55.356,32.339,79.300,34.733,70.000
hotpotqa,Phi-4-mini-instruct,gemma-3-4b-it,cross,2716,59.926,57.308,35.764,80.773,28.398,61.000
hotpotqa,Phi-4-mini-instruct,Qwen3.6-35B-A3B,cross,2716,62.026,60.587,41.952,81.289,19.595,63.000
hotpotqa,Phi-4-mini-instruct,Llama-3.3-70B-Instruct,cross,2716,63.131,61.131,42.210,82.302,19.926,64.000
hotpotqa,Qwen3.5-4B,Qwen3.5-4B,self,2371,67.806,64.641,47.932,84.937,29.662,55.000
hotpotqa,Qwen3.5-9B,Qwen3.5-9B,self,2296,70.893,66.069,49.673,86.318,31.155,45.000
hotpotqa,Qwen3.6-35B-A3B,Qwen3.6-35B-A3B,self,2192,73.848,68.061,53.492,87.631,34.824,40.000
hotpotqa,Qwen3.6-35B-A3B,Mistral-7B-Instruct-v0.3,cross,2192,66.317,60.455,38.841,83.797,40.164,37.000
hotpotqa,Qwen3.6-35B-A3B,Phi-4-mini-instruct,cross,2192,66.225,60.552,40.758,84.756,39.434,40.000
hotpotqa,Qwen3.6-35B-A3B,gemma-3-4b-it,cross,2192,60.749,56.932,35.281,79.735,42.264,50.000
hotpotqa,Qwen3.6-35B-A3B,Llama-3.3-70B-Instruct,cross,2192,71.018,65.091,46.417,86.216,36.330,41.000
hotpotqa,gemma-3-4b-it,gemma-3-4b-it,self,2565,60.257,57.182,36.856,79.524,32.683,52.000
hotpotqa,gemma-3-4b-it,Mistral-7B-Instruct-v0.3,cross,2565,59.789,56.820,35.296,80.304,34.282,55.000
hotpotqa,gemma-3-4b-it,Phi-4-mini-instruct,cross,2565,60.335,56.338,33.151,80.577,36.505,43.000
hotpotqa,gemma-3-4b-it,Qwen3.6-35B-A3B,cross,2565,65.679,63.314,46.061,83.541,23.986,58.000
hotpotqa,gemma-3-4b-it,Llama-3.3-70B-Instruct,cross,2565,66.771,63.749,46.685,84.068,24.415,54.000
