dataset,target,assessor,arm,scope,n,base,majority,agree,lift_maj,bal_acc,tpr,tnr,say_inc,tp,fp,tn,fn
alfworld,Llama-3.3-70B-Instruct,Llama-3.3-70B-Instruct,self,AGG-mean,4765,0.5108,0.5108,0.6017,0.0909,0.6097,0.2395,0.9798,0.1322,583,47,2284,1851
alfworld,Mistral-7B-Instruct-v0.3,Llama-3.3-70B-Instruct,cross,AGG-mean,6482,0.7546,0.7546,0.7306,-0.0239,0.7668,0.6958,0.8378,0.5648,3403,258,1333,1488
alfworld,Phi-4-mini-instruct,Llama-3.3-70B-Instruct,cross,AGG-mean,6604,0.7816,0.7816,0.7682,-0.0135,0.7303,0.7976,0.6630,0.6970,4117,486,956,1045
alfworld,Qwen3.6-35B-A3B,Llama-3.3-70B-Instruct,cross,AGG-mean,3197,0.3819,0.6181,0.6547,0.0366,0.5518,0.1163,0.9873,0.0522,142,25,1951,1079
alfworld,deepseek-v4-flash,Llama-3.3-70B-Instruct,cross,AGG-mean,3304,0.3308,0.6692,0.7107,0.0415,0.5689,0.1500,0.9878,0.0578,164,27,2184,929
alfworld,gemma-3-4b-it,Llama-3.3-70B-Instruct,cross,AGG-mean,6790,0.8863,0.8863,0.8730,-0.0133,0.7968,0.8955,0.6982,0.8280,5389,233,539,629
alfworld,Llama-3.3-70B-Instruct,Mistral-7B-Instruct-v0.3,cross,AGG-mean,4765,0.5108,0.5108,0.4976,-0.0132,0.5082,0.0189,0.9974,0.0109,46,6,2325,2388
alfworld,Mistral-7B-Instruct-v0.3,Mistral-7B-Instruct-v0.3,self,AGG-mean,6482,0.7546,0.7546,0.2507,-0.5039,0.5014,0.0090,0.9937,0.0083,44,10,1581,4847
alfworld,Phi-4-mini-instruct,Mistral-7B-Instruct-v0.3,cross,AGG-mean,6604,0.7816,0.7816,0.2438,-0.5379,0.5080,0.0389,0.9771,0.0354,201,33,1409,4961
alfworld,Qwen3.6-35B-A3B,Mistral-7B-Instruct-v0.3,cross,AGG-mean,3197,0.3819,0.6181,0.6184,0.0003,0.5006,0.0016,0.9995,0.0009,2,1,1975,1219
alfworld,deepseek-v4-flash,Mistral-7B-Instruct-v0.3,cross,AGG-mean,3304,0.3308,0.6692,0.6689,-0.0003,0.5002,0.0018,0.9986,0.0015,2,3,2208,1091
alfworld,gemma-3-4b-it,Mistral-7B-Instruct-v0.3,cross,AGG-mean,6790,0.8863,0.8863,0.1492,-0.7371,0.5076,0.0437,0.9715,0.0420,263,22,750,5755
alfworld,Llama-3.3-70B-Instruct,Phi-4-mini-instruct,cross,AGG-mean,4765,0.5108,0.5108,0.5681,0.0573,0.5696,0.5021,0.6371,0.4340,1222,846,1485,1212
alfworld,Mistral-7B-Instruct-v0.3,Phi-4-mini-instruct,cross,AGG-mean,6482,0.7546,0.7546,0.4235,-0.3311,0.5139,0.3363,0.6914,0.3295,1645,491,1100,3246
alfworld,Phi-4-mini-instruct,Phi-4-mini-instruct,self,AGG-mean,6604,0.7816,0.7816,0.3799,-0.4017,0.5034,0.2842,0.7226,0.2827,1467,400,1042,3695
alfworld,Qwen3.6-35B-A3B,Phi-4-mini-instruct,cross,AGG-mean,3197,0.3819,0.6181,0.6146,-0.0034,0.5075,0.0541,0.9610,0.0447,66,77,1899,1155
alfworld,deepseek-v4-flash,Phi-4-mini-instruct,cross,AGG-mean,3304,0.3308,0.6692,0.6292,-0.0400,0.5106,0.1601,0.8611,0.1459,175,307,1904,918
alfworld,gemma-3-4b-it,Phi-4-mini-instruct,cross,AGG-mean,6790,0.8863,0.8863,0.4361,-0.4502,0.5802,0.3937,0.7668,0.3754,2369,180,592,3649
alfworld,Llama-3.3-70B-Instruct,Qwen3.6-35B-A3B,cross,AGG-mean,4765,0.5108,0.5108,0.7813,0.2705,0.7778,0.9417,0.6139,0.6699,2292,900,1431,142
alfworld,Mistral-7B-Instruct-v0.3,Qwen3.6-35B-A3B,cross,AGG-mean,6482,0.7546,0.7546,0.8247,0.0702,0.6822,0.9622,0.4023,0.8727,4706,951,640,185
alfworld,Phi-4-mini-instruct,Qwen3.6-35B-A3B,cross,AGG-mean,6604,0.7816,0.7816,0.8265,0.0448,0.6299,0.9789,0.2809,0.9222,5053,1037,405,109
alfworld,Qwen3.6-35B-A3B,Qwen3.6-35B-A3B,self,AGG-mean,3197,0.3819,0.6181,0.6675,0.0494,0.6328,0.4857,0.7799,0.3216,593,435,1541,628
alfworld,deepseek-v4-flash,Qwen3.6-35B-A3B,cross,AGG-mean,3304,0.3308,0.6692,0.7903,0.1211,0.7984,0.8225,0.7743,0.4231,899,499,1712,194
alfworld,gemma-3-4b-it,Qwen3.6-35B-A3B,cross,AGG-mean,6790,0.8863,0.8863,0.9193,0.0330,0.7100,0.9809,0.4391,0.9331,5903,433,339,115
alfworld,deepseek-v4-flash,deepseek-v4-flash,self,AGG-mean,3304,0.3308,0.6692,0.6849,0.0157,0.6251,0.4483,0.8019,0.2809,490,438,1773,603
alfworld,Llama-3.3-70B-Instruct,gemma-3-4b-it,cross,AGG-mean,4765,0.5108,0.5108,0.4791,-0.0317,0.4879,0.0818,0.8940,0.0936,199,247,2084,2235
alfworld,Mistral-7B-Instruct-v0.3,gemma-3-4b-it,cross,AGG-mean,6482,0.7546,0.7546,0.3160,-0.4386,0.4988,0.1396,0.8580,0.1402,683,226,1365,4208
alfworld,Phi-4-mini-instruct,gemma-3-4b-it,cross,AGG-mean,6604,0.7816,0.7816,0.2948,-0.4868,0.4949,0.1397,0.8502,0.1419,721,216,1226,4441
alfworld,Qwen3.6-35B-A3B,gemma-3-4b-it,cross,AGG-mean,3197,0.3819,0.6181,0.6124,-0.0056,0.4998,0.0229,0.9767,0.0231,28,46,1930,1193
alfworld,deepseek-v4-flash,gemma-3-4b-it,cross,AGG-mean,3304,0.3308,0.6692,0.6601,-0.0091,0.4962,0.0119,0.9806,0.0169,13,43,2168,1080
alfworld,gemma-3-4b-it,gemma-3-4b-it,self,AGG-mean,6790,0.8863,0.8863,0.1604,-0.7259,0.4671,0.0701,0.8640,0.0776,422,105,667,5596
alfworld,Llama-3.3-70B-Instruct,Llama-3.3-70B-Instruct,self,AGG-true,4765,0.5108,0.5108,0.7566,0.2458,0.7581,0.6869,0.8293,0.4344,1672,398,1933,762
alfworld,Mistral-7B-Instruct-v0.3,Llama-3.3-70B-Instruct,cross,AGG-true,6482,0.7546,0.7546,0.8320,0.0774,0.7290,0.9313,0.5267,0.8189,4555,753,838,336
alfworld,Phi-4-mini-instruct,Llama-3.3-70B-Instruct,cross,AGG-true,6604,0.7816,0.7816,0.8368,0.0551,0.6664,0.9688,0.3641,0.8961,5001,917,525,161
alfworld,Qwen3.6-35B-A3B,Llama-3.3-70B-Instruct,cross,AGG-true,3197,0.3819,0.6181,0.7107,0.0926,0.6469,0.3767,0.9170,0.1952,460,164,1812,761
alfworld,deepseek-v4-flash,Llama-3.3-70B-Instruct,cross,AGG-true,3304,0.3308,0.6692,0.7730,0.1038,0.7133,0.5371,0.8896,0.2515,587,244,1967,506
alfworld,gemma-3-4b-it,Llama-3.3-70B-Instruct,cross,AGG-true,6790,0.8863,0.8863,0.9196,0.0333,0.7096,0.9814,0.4378,0.9337,5906,434,338,112
alfworld,Llama-3.3-70B-Instruct,Mistral-7B-Instruct-v0.3,cross,AGG-true,4765,0.5108,0.5108,0.4997,-0.0111,0.5101,0.0275,0.9927,0.0176,67,17,2314,2367
alfworld,Mistral-7B-Instruct-v0.3,Mistral-7B-Instruct-v0.3,self,AGG-true,6482,0.7546,0.7546,0.2621,-0.4924,0.5040,0.0288,0.9793,0.0268,141,33,1558,4750
alfworld,Phi-4-mini-instruct,Mistral-7B-Instruct-v0.3,cross,AGG-true,6604,0.7816,0.7816,0.2535,-0.5282,0.4985,0.0635,0.9334,0.0642,328,96,1346,4834
alfworld,Qwen3.6-35B-A3B,Mistral-7B-Instruct-v0.3,cross,AGG-true,3197,0.3819,0.6181,0.6175,-0.0006,0.4997,0.0008,0.9985,0.0013,1,3,1973,1220
alfworld,deepseek-v4-flash,Mistral-7B-Instruct-v0.3,cross,AGG-true,3304,0.3308,0.6692,0.6668,-0.0024,0.4991,0.0037,0.9946,0.0048,4,12,2199,1089
alfworld,gemma-3-4b-it,Mistral-7B-Instruct-v0.3,cross,AGG-true,6790,0.8863,0.8863,0.1744,-0.7119,0.5167,0.0736,0.9598,0.0698,443,31,741,5575
alfworld,Llama-3.3-70B-Instruct,Phi-4-mini-instruct,cross,AGG-true,4765,0.5108,0.5108,0.5249,0.0141,0.5270,0.4269,0.6272,0.4004,1039,869,1462,1395
alfworld,Mistral-7B-Instruct-v0.3,Phi-4-mini-instruct,cross,AGG-true,6482,0.7546,0.7546,0.4278,-0.3268,0.4843,0.3733,0.5952,0.3811,1826,644,947,3065
alfworld,Phi-4-mini-instruct,Phi-4-mini-instruct,self,AGG-true,6604,0.7816,0.7816,0.3745,-0.4072,0.4792,0.2933,0.6650,0.3024,1514,483,959,3648
alfworld,Qwen3.6-35B-A3B,Phi-4-mini-instruct,cross,AGG-true,3197,0.3819,0.6181,0.6028,-0.0153,0.4970,0.0491,0.9448,0.0529,60,109,1867,1161
alfworld,deepseek-v4-flash,Phi-4-mini-instruct,cross,AGG-true,3304,0.3308,0.6692,0.5975,-0.0717,0.4913,0.1775,0.8051,0.1892,194,431,1780,899
alfworld,gemma-3-4b-it,Phi-4-mini-instruct,cross,AGG-true,6790,0.8863,0.8863,0.3969,-0.4894,0.5068,0.3646,0.6490,0.3630,2194,271,501,3824
alfworld,Llama-3.3-70B-Instruct,Qwen3.6-35B-A3B,cross,AGG-true,4765,0.5108,0.5108,0.7572,0.2464,0.7533,0.9314,0.5753,0.6835,2267,990,1341,167
alfworld,Mistral-7B-Instruct-v0.3,Qwen3.6-35B-A3B,cross,AGG-true,6482,0.7546,0.7546,0.8337,0.0791,0.6937,0.9687,0.4186,0.8737,4738,925,666,153
alfworld,Phi-4-mini-instruct,Qwen3.6-35B-A3B,cross,AGG-true,6604,0.7816,0.7816,0.8342,0.0525,0.6421,0.9831,0.3010,0.9211,5075,1008,434,87
alfworld,Qwen3.6-35B-A3B,Qwen3.6-35B-A3B,self,AGG-true,3197,0.3819,0.6181,0.6497,0.0316,0.6230,0.5102,0.7358,0.3581,623,522,1454,598
alfworld,deepseek-v4-flash,Qwen3.6-35B-A3B,cross,AGG-true,3304,0.3308,0.6692,0.7927,0.1235,0.8004,0.8234,0.7775,0.4213,900,492,1719,193
alfworld,gemma-3-4b-it,Qwen3.6-35B-A3B,cross,AGG-true,6790,0.8863,0.8863,0.9227,0.0364,0.7068,0.9862,0.4275,0.9392,5935,442,330,83
alfworld,deepseek-v4-flash,deepseek-v4-flash,self,AGG-true,2322,0.2976,0.7024,0.6680,-0.0345,0.6611,0.6440,0.6781,0.4177,445,525,1106,246
alfworld,Llama-3.3-70B-Instruct,gemma-3-4b-it,cross,AGG-true,4765,0.5108,0.5108,0.4703,-0.0405,0.4734,0.3311,0.6156,0.3572,806,896,1435,1628
alfworld,Mistral-7B-Instruct-v0.3,gemma-3-4b-it,cross,AGG-true,6482,0.7546,0.7546,0.4136,-0.3409,0.4225,0.4050,0.4400,0.4431,1981,891,700,2910
alfworld,Phi-4-mini-instruct,gemma-3-4b-it,cross,AGG-true,6604,0.7816,0.7816,0.4420,-0.3396,0.4424,0.4417,0.4431,0.4668,2280,803,639,2882
alfworld,Qwen3.6-35B-A3B,gemma-3-4b-it,cross,AGG-true,3197,0.3819,0.6181,0.5837,-0.0344,0.5008,0.1499,0.8517,0.1489,183,293,1683,1038
alfworld,deepseek-v4-flash,gemma-3-4b-it,cross,AGG-true,3304,0.3308,0.6692,0.6120,-0.0572,0.4876,0.1199,0.8553,0.1365,131,320,1891,962
alfworld,gemma-3-4b-it,gemma-3-4b-it,self,AGG-true,6790,0.8863,0.8863,0.2730,-0.6133,0.4194,0.2300,0.6088,0.2483,1384,302,470,4634
alfworld,Llama-3.3-70B-Instruct,Llama-3.3-70B-Instruct,self,SPLIT-action,4765,0.5108,0.5108,0.6978,0.1870,0.7033,0.4470,0.9597,0.2481,1088,94,2237,1346
alfworld,Mistral-7B-Instruct-v0.3,Llama-3.3-70B-Instruct,cross,SPLIT-action,6482,0.7546,0.7546,0.7658,0.0113,0.7886,0.7438,0.8334,0.6021,3638,265,1326,1253
alfworld,Phi-4-mini-instruct,Llama-3.3-70B-Instruct,cross,SPLIT-action,6604,0.7816,0.7816,0.8127,0.0310,0.7550,0.8574,0.6526,0.7461,4426,501,941,736
alfworld,Qwen3.6-35B-A3B,Llama-3.3-70B-Instruct,cross,SPLIT-action,3197,0.3819,0.6181,0.6750,0.0569,0.5792,0.1736,0.9848,0.0757,212,30,1946,1009
alfworld,deepseek-v4-flash,Llama-3.3-70B-Instruct,cross,SPLIT-action,3304,0.3308,0.6692,0.7418,0.0726,0.6151,0.2406,0.9896,0.0866,263,23,2188,830
alfworld,gemma-3-4b-it,Llama-3.3-70B-Instruct,cross,SPLIT-action,6790,0.8863,0.8863,0.9000,0.0137,0.8295,0.9207,0.7383,0.8458,5541,202,570,477
alfworld,Llama-3.3-70B-Instruct,Mistral-7B-Instruct-v0.3,cross,SPLIT-action,4765,0.5108,0.5108,0.5165,0.0057,0.5262,0.0748,0.9777,0.0491,182,52,2279,2252
alfworld,Mistral-7B-Instruct-v0.3,Mistral-7B-Instruct-v0.3,self,SPLIT-action,6482,0.7546,0.7546,0.2698,-0.4847,0.5081,0.0401,0.9761,0.0361,196,38,1553,4695
alfworld,Phi-4-mini-instruct,Mistral-7B-Instruct-v0.3,cross,SPLIT-action,6604,0.7816,0.7816,0.2685,-0.5132,0.5048,0.0852,0.9244,0.0831,440,109,1333,4722
alfworld,Qwen3.6-35B-A3B,Mistral-7B-Instruct-v0.3,cross,SPLIT-action,3197,0.3819,0.6181,0.6265,0.0084,0.5122,0.0278,0.9965,0.0128,34,7,1969,1187
alfworld,deepseek-v4-flash,Mistral-7B-Instruct-v0.3,cross,SPLIT-action,3304,0.3308,0.6692,0.6692,-0.0000,0.5019,0.0073,0.9964,0.0048,8,8,2203,1085
alfworld,gemma-3-4b-it,Mistral-7B-Instruct-v0.3,cross,SPLIT-action,6790,0.8863,0.8863,0.1566,-0.7297,0.5072,0.0533,0.9611,0.0517,321,30,742,5697
alfworld,Llama-3.3-70B-Instruct,Phi-4-mini-instruct,cross,SPLIT-action,4765,0.5108,0.5108,0.5511,0.0403,0.5540,0.4199,0.6881,0.3671,1022,727,1604,1412
alfworld,Mistral-7B-Instruct-v0.3,Phi-4-mini-instruct,cross,SPLIT-action,6482,0.7546,0.7546,0.4261,-0.3284,0.4961,0.3586,0.6336,0.3605,1754,583,1008,3137
alfworld,Phi-4-mini-instruct,Phi-4-mini-instruct,self,SPLIT-action,6604,0.7816,0.7816,0.3819,-0.3998,0.4817,0.3045,0.6588,0.3125,1572,492,950,3590
alfworld,Qwen3.6-35B-A3B,Phi-4-mini-instruct,cross,SPLIT-action,3197,0.3819,0.6181,0.6237,0.0056,0.5168,0.0639,0.9696,0.0432,78,60,1916,1143
alfworld,deepseek-v4-flash,Phi-4-mini-instruct,cross,SPLIT-action,3304,0.3308,0.6692,0.6531,-0.0160,0.5176,0.1171,0.9181,0.0935,128,181,2030,965
alfworld,gemma-3-4b-it,Phi-4-mini-instruct,cross,SPLIT-action,6790,0.8863,0.8863,0.3143,-0.5720,0.5437,0.2468,0.8407,0.2368,1485,123,649,4533
alfworld,Llama-3.3-70B-Instruct,Qwen3.6-35B-A3B,cross,SPLIT-action,4765,0.5108,0.5108,0.7708,0.2600,0.7673,0.9306,0.6040,0.6690,2265,923,1408,169
alfworld,Mistral-7B-Instruct-v0.3,Qwen3.6-35B-A3B,cross,SPLIT-action,6482,0.7546,0.7546,0.8416,0.0870,0.7146,0.9640,0.4651,0.8587,4715,851,740,176
alfworld,Phi-4-mini-instruct,Qwen3.6-35B-A3B,cross,SPLIT-action,6604,0.7816,0.7816,0.8409,0.0592,0.6581,0.9826,0.3336,0.9135,5072,961,481,90
alfworld,Qwen3.6-35B-A3B,Qwen3.6-35B-A3B,self,SPLIT-action,3197,0.3819,0.6181,0.6719,0.0538,0.6374,0.4914,0.7834,0.3216,600,428,1548,621
alfworld,deepseek-v4-flash,Qwen3.6-35B-A3B,cross,SPLIT-action,3304,0.3308,0.6692,0.7742,0.1050,0.7836,0.8115,0.7558,0.4319,887,540,1671,206
alfworld,gemma-3-4b-it,Qwen3.6-35B-A3B,cross,SPLIT-action,6790,0.8863,0.8863,0.9270,0.0406,0.7262,0.9860,0.4663,0.9346,5934,412,360,84
alfworld,deepseek-v4-flash,deepseek-v4-flash,self,SPLIT-action,3304,0.3308,0.6692,0.6653,-0.0039,0.5935,0.3815,0.8055,0.2564,417,430,1781,676
alfworld,Llama-3.3-70B-Instruct,gemma-3-4b-it,cross,SPLIT-action,4765,0.5108,0.5108,0.4848,-0.0260,0.4917,0.1734,0.8100,0.1815,422,443,1888,2012
alfworld,Mistral-7B-Instruct-v0.3,gemma-3-4b-it,cross,SPLIT-action,6482,0.7546,0.7546,0.3656,-0.3889,0.4842,0.2513,0.7172,0.2590,1229,450,1141,3662
alfworld,Phi-4-mini-instruct,gemma-3-4b-it,cross,SPLIT-action,6604,0.7816,0.7816,0.3508,-0.4308,0.4633,0.2637,0.6630,0.2797,1361,486,956,3801
alfworld,Qwen3.6-35B-A3B,gemma-3-4b-it,cross,SPLIT-action,3197,0.3819,0.6181,0.6284,0.0103,0.5209,0.0655,0.9762,0.0397,80,47,1929,1141
alfworld,deepseek-v4-flash,gemma-3-4b-it,cross,SPLIT-action,3304,0.3308,0.6692,0.6616,-0.0076,0.5027,0.0329,0.9724,0.0294,36,61,2150,1057
alfworld,gemma-3-4b-it,gemma-3-4b-it,self,SPLIT-action,6790,0.8863,0.8863,0.1894,-0.6969,0.4721,0.1062,0.8381,0.1125,639,125,647,5379
alfworld,Llama-3.3-70B-Instruct,Llama-3.3-70B-Instruct,self,SPLIT-thought,4765,0.5108,0.5108,0.5282,0.0174,0.5379,0.0892,0.9867,0.0520,217,31,2300,2217
alfworld,Mistral-7B-Instruct-v0.3,Llama-3.3-70B-Instruct,cross,SPLIT-thought,6482,0.7546,0.7546,0.6214,-0.1331,0.6753,0.5694,0.7813,0.4833,2785,348,1243,2106
alfworld,Phi-4-mini-instruct,Llama-3.3-70B-Instruct,cross,SPLIT-thought,6604,0.7816,0.7816,0.6513,-0.1304,0.6462,0.6552,0.6373,0.5913,3382,523,919,1780
alfworld,Qwen3.6-35B-A3B,Llama-3.3-70B-Instruct,cross,SPLIT-thought,3197,0.3819,0.6181,0.6459,0.0278,0.5411,0.0975,0.9848,0.0466,119,30,1946,1102
alfworld,deepseek-v4-flash,Llama-3.3-70B-Instruct,cross,SPLIT-thought,3304,0.3308,0.6692,0.6919,0.0227,0.5440,0.1070,0.9810,0.0481,117,42,2169,976
alfworld,gemma-3-4b-it,Llama-3.3-70B-Instruct,cross,SPLIT-thought,6790,0.8863,0.8863,0.7968,-0.0895,0.7115,0.8219,0.6010,0.7738,4946,308,464,1072
alfworld,Llama-3.3-70B-Instruct,Mistral-7B-Instruct-v0.3,cross,SPLIT-thought,4765,0.5108,0.5108,0.4936,-0.0172,0.5043,0.0103,0.9983,0.0061,25,4,2327,2409
alfworld,Mistral-7B-Instruct-v0.3,Mistral-7B-Instruct-v0.3,self,SPLIT-thought,6482,0.7546,0.7546,0.2476,-0.5069,0.4995,0.0047,0.9943,0.0049,23,9,1582,4868
alfworld,Phi-4-mini-instruct,Mistral-7B-Instruct-v0.3,cross,SPLIT-thought,6604,0.7816,0.7816,0.2388,-0.5429,0.5033,0.0337,0.9730,0.0323,174,39,1403,4988
alfworld,Qwen3.6-35B-A3B,Mistral-7B-Instruct-v0.3,cross,SPLIT-thought,3197,0.3819,0.6181,0.6175,-0.0006,0.4995,0.0000,0.9990,0.0006,0,2,1974,1221
alfworld,deepseek-v4-flash,Mistral-7B-Instruct-v0.3,cross,SPLIT-thought,3304,0.3308,0.6692,0.6686,-0.0006,0.4998,0.0009,0.9986,0.0012,1,3,2208,1092
alfworld,gemma-3-4b-it,Mistral-7B-Instruct-v0.3,cross,SPLIT-thought,6790,0.8863,0.8863,0.1639,-0.7224,0.5086,0.0625,0.9547,0.0605,376,35,737,5642
alfworld,Llama-3.3-70B-Instruct,Phi-4-mini-instruct,cross,SPLIT-thought,4765,0.5108,0.5108,0.5822,0.0714,0.5821,0.5863,0.5779,0.5060,1427,984,1347,1007
alfworld,Mistral-7B-Instruct-v0.3,Phi-4-mini-instruct,cross,SPLIT-thought,6482,0.7546,0.7546,0.4230,-0.3315,0.5267,0.3230,0.7304,0.3099,1580,429,1162,3311
alfworld,Phi-4-mini-instruct,Phi-4-mini-instruct,self,SPLIT-thought,6604,0.7816,0.7816,0.3952,-0.3864,0.5269,0.2931,0.7607,0.2813,1513,345,1097,3649
alfworld,Qwen3.6-35B-A3B,Phi-4-mini-instruct,cross,SPLIT-thought,3197,0.3819,0.6181,0.6053,-0.0128,0.5046,0.0786,0.9307,0.0729,96,137,1839,1125
alfworld,deepseek-v4-flash,Phi-4-mini-instruct,cross,SPLIT-thought,3304,0.3308,0.6692,0.5899,-0.0793,0.5078,0.2653,0.7503,0.2548,290,552,1659,803
alfworld,gemma-3-4b-it,Phi-4-mini-instruct,cross,SPLIT-thought,6790,0.8863,0.8863,0.5505,-0.3358,0.5804,0.5417,0.6192,0.5234,3260,294,478,2758
alfworld,Llama-3.3-70B-Instruct,Qwen3.6-35B-A3B,cross,SPLIT-thought,4765,0.5108,0.5108,0.7725,0.2617,0.7693,0.9178,0.6208,0.6544,2234,884,1447,200
alfworld,Mistral-7B-Instruct-v0.3,Qwen3.6-35B-A3B,cross,SPLIT-thought,6482,0.7546,0.7546,0.7678,0.0133,0.6396,0.8914,0.3878,0.8229,4360,974,617,531
alfworld,Phi-4-mini-instruct,Qwen3.6-35B-A3B,cross,SPLIT-thought,6604,0.7816,0.7816,0.7695,-0.0121,0.5977,0.9028,0.2926,0.8601,4660,1020,422,502
alfworld,Qwen3.6-35B-A3B,Qwen3.6-35B-A3B,self,SPLIT-thought,3197,0.3819,0.6181,0.6537,0.0357,0.6182,0.4676,0.7687,0.3216,571,457,1519,650
alfworld,deepseek-v4-flash,Qwen3.6-35B-A3B,cross,SPLIT-thought,3304,0.3308,0.6692,0.7688,0.0996,0.7638,0.7493,0.7784,0.3962,819,490,1721,274
alfworld,gemma-3-4b-it,Qwen3.6-35B-A3B,cross,SPLIT-thought,6790,0.8863,0.8863,0.8622,-0.0242,0.6586,0.9221,0.3951,0.8860,5549,467,305,469
alfworld,deepseek-v4-flash,deepseek-v4-flash,self,SPLIT-thought,3304,0.3308,0.6692,0.7064,0.0372,0.6571,0.5114,0.8028,0.3012,559,436,1775,534
alfworld,Llama-3.3-70B-Instruct,gemma-3-4b-it,cross,SPLIT-thought,4765,0.5108,0.5108,0.4770,-0.0338,0.4852,0.1085,0.8619,0.1230,264,322,2009,2170
alfworld,Mistral-7B-Instruct-v0.3,gemma-3-4b-it,cross,SPLIT-thought,6482,0.7546,0.7546,0.3359,-0.4187,0.5052,0.1726,0.8378,0.1700,844,258,1333,4047
alfworld,Phi-4-mini-instruct,gemma-3-4b-it,cross,SPLIT-thought,6604,0.7816,0.7816,0.3142,-0.4674,0.5008,0.1695,0.8322,0.1691,875,242,1200,4287
alfworld,Qwen3.6-35B-A3B,gemma-3-4b-it,cross,SPLIT-thought,3197,0.3819,0.6181,0.6043,-0.0138,0.5001,0.0590,0.9413,0.0588,72,116,1860,1149
alfworld,deepseek-v4-flash,gemma-3-4b-it,cross,SPLIT-thought,3304,0.3308,0.6692,0.6550,-0.0142,0.4986,0.0366,0.9607,0.0384,40,87,2124,1053
alfworld,gemma-3-4b-it,gemma-3-4b-it,self,SPLIT-thought,6790,0.8863,0.8863,0.2149,-0.6714,0.4617,0.1422,0.7811,0.1510,856,169,603,5162
