construct,dataset,target,open_judge,capable,n,auroc_gpt4o,auroc_open,delta,ci_lo,ci_hi
violation+judgment,alfworld,Llama-3.3-70B-Instruct,Llama-3.3-70B-Instruct,1,108,0.9236,0.8627,0.0610,0.0010,0.1318
violation+judgment,alfworld,Llama-3.3-70B-Instruct,Mistral-7B-Instruct-v0.3,0,108,0.9236,0.6578,0.2658,0.1818,0.3472
violation+judgment,alfworld,Llama-3.3-70B-Instruct,Phi-4-mini-instruct,0,108,0.9236,0.6053,0.3183,0.2133,0.4278
violation+judgment,alfworld,Llama-3.3-70B-Instruct,Qwen3.6-35B-A3B,1,108,0.9236,0.9028,0.0208,-0.0350,0.0772
violation+judgment,alfworld,Llama-3.3-70B-Instruct,gemma-3-4b-it,0,108,0.9236,0.4834,0.4402,0.3349,0.5511
violation+judgment,alfworld,Mistral-7B-Instruct-v0.3,Llama-3.3-70B-Instruct,1,108,0.8237,0.8681,-0.0444,-0.1146,0.0231
violation+judgment,alfworld,Mistral-7B-Instruct-v0.3,Mistral-7B-Instruct-v0.3,0,108,0.8237,0.6948,0.1289,0.0091,0.2563
violation+judgment,alfworld,Mistral-7B-Instruct-v0.3,Phi-4-mini-instruct,0,108,0.8237,0.5166,0.3071,0.1756,0.4428
violation+judgment,alfworld,Mistral-7B-Instruct-v0.3,Qwen3.6-35B-A3B,1,108,0.8237,0.8831,-0.0594,-0.1311,0.0082
violation+judgment,alfworld,Mistral-7B-Instruct-v0.3,gemma-3-4b-it,0,108,0.8237,0.5062,0.3175,0.1953,0.4379
violation+judgment,alfworld,Phi-4-mini-instruct,Llama-3.3-70B-Instruct,1,108,0.7878,0.8503,-0.0625,-0.1157,-0.0164
violation+judgment,alfworld,Phi-4-mini-instruct,Mistral-7B-Instruct-v0.3,0,108,0.7878,0.6543,0.1335,-0.0029,0.2750
violation+judgment,alfworld,Phi-4-mini-instruct,Phi-4-mini-instruct,0,108,0.7878,0.2940,0.4938,0.3680,0.6201
violation+judgment,alfworld,Phi-4-mini-instruct,Qwen3.6-35B-A3B,1,108,0.7878,0.8870,-0.0992,-0.1736,-0.0277
violation+judgment,alfworld,Phi-4-mini-instruct,gemma-3-4b-it,0,108,0.7878,0.3781,0.4097,0.2979,0.5318
violation+judgment,alfworld,Qwen3.6-35B-A3B,Llama-3.3-70B-Instruct,1,105,0.7299,0.7661,-0.0431,-0.1236,0.0420
violation+judgment,alfworld,Qwen3.6-35B-A3B,Mistral-7B-Instruct-v0.3,0,105,0.7299,0.5580,0.1650,0.0367,0.2915
violation+judgment,alfworld,Qwen3.6-35B-A3B,Phi-4-mini-instruct,0,105,0.7299,0.4094,0.3136,0.1880,0.4379
violation+judgment,alfworld,Qwen3.6-35B-A3B,Qwen3.6-35B-A3B,1,105,0.7299,0.7649,-0.0419,-0.1323,0.0400
violation+judgment,alfworld,Qwen3.6-35B-A3B,gemma-3-4b-it,0,105,0.7299,0.6441,0.0789,-0.0662,0.2383
violation+judgment,alfworld,deepseek-v4-flash,Llama-3.3-70B-Instruct,1,108,0.7917,0.8106,-0.0189,-0.1049,0.0662
violation+judgment,alfworld,deepseek-v4-flash,Mistral-7B-Instruct-v0.3,0,108,0.7917,0.6412,0.1505,0.0353,0.2782
violation+judgment,alfworld,deepseek-v4-flash,Phi-4-mini-instruct,0,108,0.7917,0.5556,0.2361,0.1160,0.3623
violation+judgment,alfworld,deepseek-v4-flash,Qwen3.6-35B-A3B,1,108,0.7917,0.8642,-0.0725,-0.1493,-0.0031
violation+judgment,alfworld,deepseek-v4-flash,deepseek-v4-flash,0,82,0.7917,0.6519,0.1361,0.0243,0.2545
violation+judgment,alfworld,deepseek-v4-flash,gemma-3-4b-it,0,108,0.7917,0.5424,0.2492,0.1139,0.3884
violation+judgment,alfworld,gemma-3-4b-it,Llama-3.3-70B-Instruct,1,108,0.8603,0.9280,-0.0677,-0.1557,0.0065
violation+judgment,alfworld,gemma-3-4b-it,Mistral-7B-Instruct-v0.3,0,108,0.8603,0.7573,0.1030,-0.0286,0.2235
violation+judgment,alfworld,gemma-3-4b-it,Phi-4-mini-instruct,0,108,0.8603,0.5120,0.3484,0.2228,0.4750
violation+judgment,alfworld,gemma-3-4b-it,Qwen3.6-35B-A3B,1,108,0.8603,0.9012,-0.0409,-0.1195,0.0293
violation+judgment,alfworld,gemma-3-4b-it,gemma-3-4b-it,0,108,0.8603,0.6015,0.2589,0.1321,0.3827
violation+judgment,hotpotqa,Llama-3.3-70B-Instruct,Llama-3.3-70B-Instruct,1,108,0.8032,0.9055,-0.1022,-0.1944,-0.0154
violation+judgment,hotpotqa,Llama-3.3-70B-Instruct,Mistral-7B-Instruct-v0.3,0,108,0.8032,0.6779,0.1254,-0.0085,0.2567
violation+judgment,hotpotqa,Llama-3.3-70B-Instruct,Phi-4-mini-instruct,0,108,0.8032,0.6736,0.1296,0.0087,0.2478
violation+judgment,hotpotqa,Llama-3.3-70B-Instruct,Qwen3.6-35B-A3B,1,108,0.8032,0.8765,-0.0733,-0.1579,0.0089
violation+judgment,hotpotqa,Llama-3.3-70B-Instruct,gemma-3-4b-it,0,108,0.8032,0.7218,0.0814,-0.0519,0.1999
violation+judgment,hotpotqa,Mistral-7B-Instruct-v0.3,Llama-3.3-70B-Instruct,1,108,0.9109,0.9205,-0.0096,-0.0680,0.0432
violation+judgment,hotpotqa,Mistral-7B-Instruct-v0.3,Mistral-7B-Instruct-v0.3,0,108,0.9109,0.6786,0.2323,0.1166,0.3483
violation+judgment,hotpotqa,Mistral-7B-Instruct-v0.3,Phi-4-mini-instruct,0,108,0.9109,0.5363,0.3746,0.2550,0.4943
violation+judgment,hotpotqa,Mistral-7B-Instruct-v0.3,Qwen3.6-35B-A3B,1,108,0.9109,0.8754,0.0355,-0.0270,0.1034
violation+judgment,hotpotqa,Mistral-7B-Instruct-v0.3,gemma-3-4b-it,0,108,0.9109,0.6709,0.2400,0.1332,0.3516
violation+judgment,hotpotqa,Phi-4-mini-instruct,Llama-3.3-70B-Instruct,1,108,0.9468,0.9437,0.0031,-0.0477,0.0576
violation+judgment,hotpotqa,Phi-4-mini-instruct,Mistral-7B-Instruct-v0.3,0,108,0.9468,0.6790,0.2677,0.1444,0.3960
violation+judgment,hotpotqa,Phi-4-mini-instruct,Phi-4-mini-instruct,0,108,0.9468,0.5220,0.4248,0.3142,0.5383
violation+judgment,hotpotqa,Phi-4-mini-instruct,Qwen3.6-35B-A3B,1,108,0.9468,0.9201,0.0266,-0.0265,0.0862
violation+judgment,hotpotqa,Phi-4-mini-instruct,gemma-3-4b-it,0,108,0.9468,0.7203,0.2265,0.1043,0.3632
violation+judgment,hotpotqa,Qwen3.6-35B-A3B,Llama-3.3-70B-Instruct,1,90,0.9255,0.9244,-0.0138,-0.0860,0.0592
violation+judgment,hotpotqa,Qwen3.6-35B-A3B,Mistral-7B-Instruct-v0.3,0,90,0.9255,0.8524,0.0582,-0.0253,0.1475
violation+judgment,hotpotqa,Qwen3.6-35B-A3B,Phi-4-mini-instruct,0,90,0.9255,0.6250,0.2855,0.1687,0.4074
violation+judgment,hotpotqa,Qwen3.6-35B-A3B,Qwen3.6-35B-A3B,1,90,0.9255,0.9666,-0.0560,-0.1140,-0.0054
violation+judgment,hotpotqa,Qwen3.6-35B-A3B,gemma-3-4b-it,0,90,0.9255,0.7742,0.1364,0.0397,0.2383
violation+judgment,hotpotqa,gemma-3-4b-it,Llama-3.3-70B-Instruct,1,108,0.9691,0.9680,0.0012,-0.0294,0.0336
violation+judgment,hotpotqa,gemma-3-4b-it,Mistral-7B-Instruct-v0.3,0,108,0.9691,0.6528,0.3164,0.2082,0.4222
violation+judgment,hotpotqa,gemma-3-4b-it,Phi-4-mini-instruct,0,108,0.9691,0.6242,0.3449,0.2451,0.4495
violation+judgment,hotpotqa,gemma-3-4b-it,Qwen3.6-35B-A3B,1,108,0.9691,0.9803,-0.0112,-0.0438,0.0161
violation+judgment,hotpotqa,gemma-3-4b-it,gemma-3-4b-it,0,108,0.9691,0.6971,0.2720,0.1642,0.3841
judgment,alfworld,Llama-3.3-70B-Instruct,Llama-3.3-70B-Instruct,1,105,0.9348,0.8756,0.0592,0.0013,0.1259
judgment,alfworld,Llama-3.3-70B-Instruct,Mistral-7B-Instruct-v0.3,0,105,0.9348,0.6757,0.2591,0.1780,0.3456
judgment,alfworld,Llama-3.3-70B-Instruct,Phi-4-mini-instruct,0,105,0.9348,0.6212,0.3136,0.2173,0.4189
judgment,alfworld,Llama-3.3-70B-Instruct,Qwen3.6-35B-A3B,1,105,0.9348,0.9249,0.0099,-0.0409,0.0548
judgment,alfworld,Llama-3.3-70B-Instruct,gemma-3-4b-it,0,105,0.9348,0.4805,0.4543,0.3461,0.5666
judgment,alfworld,Mistral-7B-Instruct-v0.3,Llama-3.3-70B-Instruct,1,104,0.8165,0.8588,-0.0424,-0.1129,0.0252
judgment,alfworld,Mistral-7B-Instruct-v0.3,Mistral-7B-Instruct-v0.3,0,104,0.8165,0.7112,0.1053,-0.0162,0.2203
judgment,alfworld,Mistral-7B-Instruct-v0.3,Phi-4-mini-instruct,0,104,0.8165,0.5034,0.3130,0.1822,0.4378
judgment,alfworld,Mistral-7B-Instruct-v0.3,Qwen3.6-35B-A3B,1,104,0.8165,0.8915,-0.0750,-0.1491,-0.0089
judgment,alfworld,Mistral-7B-Instruct-v0.3,gemma-3-4b-it,0,104,0.8165,0.4772,0.3392,0.2149,0.4652
judgment,alfworld,Phi-4-mini-instruct,Llama-3.3-70B-Instruct,1,106,0.7877,0.8520,-0.0643,-0.1135,-0.0183
judgment,alfworld,Phi-4-mini-instruct,Mistral-7B-Instruct-v0.3,0,106,0.7877,0.6464,0.1413,-0.0009,0.2811
judgment,alfworld,Phi-4-mini-instruct,Phi-4-mini-instruct,0,106,0.7877,0.2909,0.4968,0.3741,0.6173
judgment,alfworld,Phi-4-mini-instruct,Qwen3.6-35B-A3B,1,106,0.7877,0.8877,-0.1000,-0.1772,-0.0306
judgment,alfworld,Phi-4-mini-instruct,gemma-3-4b-it,0,106,0.7877,0.3714,0.4163,0.3049,0.5313
judgment,alfworld,Qwen3.6-35B-A3B,Llama-3.3-70B-Instruct,1,95,0.7498,0.7600,-0.0103,-0.0987,0.0902
judgment,alfworld,Qwen3.6-35B-A3B,Mistral-7B-Instruct-v0.3,0,95,0.7498,0.5774,0.1724,0.0448,0.3063
judgment,alfworld,Qwen3.6-35B-A3B,Phi-4-mini-instruct,0,95,0.7498,0.4352,0.3145,0.1886,0.4330
judgment,alfworld,Qwen3.6-35B-A3B,Qwen3.6-35B-A3B,1,95,0.7498,0.7940,-0.0443,-0.1329,0.0438
judgment,alfworld,Qwen3.6-35B-A3B,gemma-3-4b-it,0,95,0.7498,0.6426,0.1072,-0.0421,0.2608
judgment,alfworld,deepseek-v4-flash,Llama-3.3-70B-Instruct,1,101,0.7907,0.8383,-0.0476,-0.1328,0.0324
judgment,alfworld,deepseek-v4-flash,Mistral-7B-Instruct-v0.3,0,101,0.7907,0.6518,0.1390,0.0153,0.2703
judgment,alfworld,deepseek-v4-flash,Phi-4-mini-instruct,0,101,0.7907,0.5620,0.2287,0.0972,0.3728
judgment,alfworld,deepseek-v4-flash,Qwen3.6-35B-A3B,1,101,0.7907,0.8974,-0.1067,-0.1940,-0.0270
judgment,alfworld,deepseek-v4-flash,deepseek-v4-flash,0,77,0.7907,0.6674,0.1145,-0.0154,0.2509
judgment,alfworld,deepseek-v4-flash,gemma-3-4b-it,0,101,0.7907,0.5012,0.2895,0.1581,0.4177
judgment,alfworld,gemma-3-4b-it,Llama-3.3-70B-Instruct,1,107,0.8486,0.9299,-0.0813,-0.1704,-0.0076
judgment,alfworld,gemma-3-4b-it,Mistral-7B-Instruct-v0.3,0,107,0.8486,0.7683,0.0803,-0.0478,0.1991
judgment,alfworld,gemma-3-4b-it,Phi-4-mini-instruct,0,107,0.8486,0.4996,0.3490,0.2267,0.4770
judgment,alfworld,gemma-3-4b-it,Qwen3.6-35B-A3B,1,107,0.8486,0.9135,-0.0649,-0.1464,0.0074
judgment,alfworld,gemma-3-4b-it,gemma-3-4b-it,0,107,0.8486,0.5969,0.2517,0.1167,0.3686
judgment,hotpotqa,Llama-3.3-70B-Instruct,Llama-3.3-70B-Instruct,1,99,0.7985,0.8852,-0.0867,-0.1719,0.0005
judgment,hotpotqa,Llama-3.3-70B-Instruct,Mistral-7B-Instruct-v0.3,0,99,0.7985,0.6877,0.1109,-0.0136,0.2355
judgment,hotpotqa,Llama-3.3-70B-Instruct,Phi-4-mini-instruct,0,99,0.7985,0.6557,0.1428,0.0268,0.2611
judgment,hotpotqa,Llama-3.3-70B-Instruct,Qwen3.6-35B-A3B,1,99,0.7985,0.8852,-0.0867,-0.1716,-0.0070
judgment,hotpotqa,Llama-3.3-70B-Instruct,gemma-3-4b-it,0,99,0.7985,0.6596,0.1389,0.0060,0.2598
judgment,hotpotqa,Mistral-7B-Instruct-v0.3,Llama-3.3-70B-Instruct,1,107,0.9096,0.9194,-0.0098,-0.0729,0.0422
judgment,hotpotqa,Mistral-7B-Instruct-v0.3,Mistral-7B-Instruct-v0.3,0,107,0.9096,0.6741,0.2355,0.1202,0.3497
judgment,hotpotqa,Mistral-7B-Instruct-v0.3,Phi-4-mini-instruct,0,107,0.9096,0.5305,0.3791,0.2562,0.4937
judgment,hotpotqa,Mistral-7B-Instruct-v0.3,Qwen3.6-35B-A3B,1,107,0.9096,0.8740,0.0356,-0.0293,0.1037
judgment,hotpotqa,Mistral-7B-Instruct-v0.3,gemma-3-4b-it,0,107,0.9096,0.6674,0.2422,0.1362,0.3523
judgment,hotpotqa,Phi-4-mini-instruct,Llama-3.3-70B-Instruct,1,107,0.9480,0.9429,0.0051,-0.0471,0.0606
judgment,hotpotqa,Phi-4-mini-instruct,Mistral-7B-Instruct-v0.3,0,107,0.9480,0.6800,0.2680,0.1491,0.3967
judgment,hotpotqa,Phi-4-mini-instruct,Phi-4-mini-instruct,0,107,0.9480,0.5278,0.4202,0.3148,0.5323
judgment,hotpotqa,Phi-4-mini-instruct,Qwen3.6-35B-A3B,1,107,0.9480,0.9198,0.0282,-0.0240,0.0867
judgment,hotpotqa,Phi-4-mini-instruct,gemma-3-4b-it,0,107,0.9480,0.7203,0.2277,0.1054,0.3644
judgment,hotpotqa,Qwen3.6-35B-A3B,Llama-3.3-70B-Instruct,1,89,0.9020,0.9230,-0.0210,-0.0993,0.0618
judgment,hotpotqa,Qwen3.6-35B-A3B,Mistral-7B-Instruct-v0.3,0,89,0.9020,0.8585,0.0435,-0.0423,0.1301
judgment,hotpotqa,Qwen3.6-35B-A3B,Phi-4-mini-instruct,0,89,0.9020,0.6263,0.2757,0.1600,0.3978
judgment,hotpotqa,Qwen3.6-35B-A3B,Qwen3.6-35B-A3B,1,89,0.9020,0.9659,-0.0639,-0.1288,-0.0045
judgment,hotpotqa,Qwen3.6-35B-A3B,gemma-3-4b-it,0,89,0.9020,0.7704,0.1316,0.0266,0.2426
judgment,hotpotqa,gemma-3-4b-it,Llama-3.3-70B-Instruct,1,107,0.9687,0.9679,0.0008,-0.0294,0.0349
judgment,hotpotqa,gemma-3-4b-it,Mistral-7B-Instruct-v0.3,0,107,0.9687,0.6608,0.3079,0.2059,0.4136
judgment,hotpotqa,gemma-3-4b-it,Phi-4-mini-instruct,0,107,0.9687,0.6244,0.3443,0.2463,0.4460
judgment,hotpotqa,gemma-3-4b-it,Qwen3.6-35B-A3B,1,107,0.9687,0.9800,-0.0113,-0.0431,0.0159
judgment,hotpotqa,gemma-3-4b-it,gemma-3-4b-it,0,107,0.9687,0.6952,0.2735,0.1677,0.3875
violation,alfworld,Llama-3.3-70B-Instruct,Llama-3.3-70B-Instruct,1,48,0.8356,0.7338,0.1019,-0.0437,0.2823
violation,alfworld,Llama-3.3-70B-Instruct,Mistral-7B-Instruct-v0.3,0,48,0.8356,0.6620,0.1736,0.0167,0.3290
violation,alfworld,Llama-3.3-70B-Instruct,Phi-4-mini-instruct,0,48,0.8356,0.4583,0.3773,0.2040,0.5481
violation,alfworld,Llama-3.3-70B-Instruct,Qwen3.6-35B-A3B,1,48,0.8356,0.7500,0.0856,-0.0086,0.1890
violation,alfworld,Llama-3.3-70B-Instruct,gemma-3-4b-it,0,48,0.8356,0.4421,0.3935,0.2222,0.5700
violation,alfworld,Mistral-7B-Instruct-v0.3,Llama-3.3-70B-Instruct,1,43,0.8532,0.7341,0.1190,0.0057,0.2739
violation,alfworld,Mistral-7B-Instruct-v0.3,Mistral-7B-Instruct-v0.3,0,43,0.8532,0.6587,0.1944,-0.0244,0.4865
violation,alfworld,Mistral-7B-Instruct-v0.3,Phi-4-mini-instruct,0,43,0.8532,0.6071,0.2460,-0.1815,0.6287
violation,alfworld,Mistral-7B-Instruct-v0.3,Qwen3.6-35B-A3B,1,43,0.8532,0.7619,0.0913,-0.0223,0.3207
violation,alfworld,Mistral-7B-Instruct-v0.3,gemma-3-4b-it,0,43,0.8532,0.5000,0.3532,0.0000,0.7245
violation,alfworld,Phi-4-mini-instruct,Llama-3.3-70B-Instruct,1,40,0.5139,0.5764,-0.0625,-0.1463,0.0000
violation,alfworld,Phi-4-mini-instruct,Mistral-7B-Instruct-v0.3,0,40,0.5139,0.9167,-0.4028,-0.8595,0.0000
violation,alfworld,Phi-4-mini-instruct,Phi-4-mini-instruct,0,40,0.5139,0.2847,0.2292,-0.0333,0.4131
violation,alfworld,Phi-4-mini-instruct,Qwen3.6-35B-A3B,1,40,0.5139,0.6250,-0.1111,-0.2126,0.0000
violation,alfworld,Phi-4-mini-instruct,gemma-3-4b-it,0,40,0.5139,0.3472,0.1667,-0.0487,0.3824
violation,alfworld,Qwen3.6-35B-A3B,Llama-3.3-70B-Instruct,1,57,0.7431,0.7904,-0.0625,-0.1557,0.0173
violation,alfworld,Qwen3.6-35B-A3B,Mistral-7B-Instruct-v0.3,0,57,0.7431,0.7008,0.0272,-0.1246,0.1872
violation,alfworld,Qwen3.6-35B-A3B,Phi-4-mini-instruct,0,57,0.7431,0.5896,0.1383,-0.0312,0.3059
violation,alfworld,Qwen3.6-35B-A3B,Qwen3.6-35B-A3B,1,57,0.7431,0.7412,-0.0132,-0.1094,0.1005
violation,alfworld,Qwen3.6-35B-A3B,gemma-3-4b-it,0,57,0.7431,0.6679,0.0600,-0.1308,0.2487
violation,alfworld,deepseek-v4-flash,Llama-3.3-70B-Instruct,1,48,0.8310,0.8634,-0.0324,-0.1742,0.0877
violation,alfworld,deepseek-v4-flash,Mistral-7B-Instruct-v0.3,0,48,0.8310,0.7361,0.0949,-0.0801,0.2883
violation,alfworld,deepseek-v4-flash,Phi-4-mini-instruct,0,48,0.8310,0.6829,0.1481,-0.0342,0.3302
violation,alfworld,deepseek-v4-flash,Qwen3.6-35B-A3B,1,48,0.8310,0.8403,-0.0093,-0.1000,0.0815
violation,alfworld,deepseek-v4-flash,gemma-3-4b-it,0,48,0.8310,0.6273,0.2037,0.0030,0.4198
violation,alfworld,gemma-3-4b-it,Llama-3.3-70B-Instruct,1,47,0.6465,0.6364,0.0101,-0.0853,0.1044
violation,alfworld,gemma-3-4b-it,Mistral-7B-Instruct-v0.3,0,47,0.6465,0.5480,0.0985,-0.0961,0.2882
violation,alfworld,gemma-3-4b-it,Phi-4-mini-instruct,0,47,0.6465,0.5025,0.1439,-0.1289,0.4085
violation,alfworld,gemma-3-4b-it,Qwen3.6-35B-A3B,1,47,0.6465,0.5808,0.0657,-0.0625,0.2072
violation,alfworld,gemma-3-4b-it,gemma-3-4b-it,0,47,0.6465,0.3813,0.2652,0.0366,0.5146
violation,hotpotqa,Llama-3.3-70B-Instruct,Llama-3.3-70B-Instruct,1,41,0.6222,0.9667,-0.3444,-0.6582,0.0000
violation,hotpotqa,Llama-3.3-70B-Instruct,Mistral-7B-Instruct-v0.3,0,41,0.6222,0.9333,-0.3111,-0.6500,0.0000
violation,hotpotqa,Llama-3.3-70B-Instruct,Phi-4-mini-instruct,0,41,0.6222,0.8000,-0.1778,-0.4040,0.0000
violation,hotpotqa,Llama-3.3-70B-Instruct,Qwen3.6-35B-A3B,1,41,0.6222,0.9278,-0.3056,-0.5529,0.0000
violation,hotpotqa,Llama-3.3-70B-Instruct,gemma-3-4b-it,0,41,0.6222,0.9500,-0.3278,-0.7217,0.0256
outcome,alfworld,Llama-3.3-70B-Instruct,Llama-3.3-70B-Instruct,1,100,0.6885,0.5930,0.0955,-0.0390,0.2394
outcome,alfworld,Llama-3.3-70B-Instruct,Mistral-7B-Instruct-v0.3,0,100,0.6885,0.6238,0.0648,-0.1004,0.2236
outcome,alfworld,Llama-3.3-70B-Instruct,Phi-4-mini-instruct,0,100,0.6885,0.4859,0.2027,0.0552,0.3496
outcome,alfworld,Llama-3.3-70B-Instruct,Qwen3.6-35B-A3B,1,100,0.6885,0.6728,0.0158,-0.0920,0.1120
outcome,alfworld,Llama-3.3-70B-Instruct,gemma-3-4b-it,0,100,0.6885,0.4203,0.2683,0.1155,0.4059
outcome,alfworld,Mistral-7B-Instruct-v0.3,Llama-3.3-70B-Instruct,1,104,0.6959,0.6725,0.0234,-0.0777,0.1340
outcome,alfworld,Mistral-7B-Instruct-v0.3,Mistral-7B-Instruct-v0.3,0,104,0.6959,0.5766,0.1193,-0.0209,0.2885
outcome,alfworld,Mistral-7B-Instruct-v0.3,Phi-4-mini-instruct,0,104,0.6959,0.5696,0.1263,-0.1506,0.4076
outcome,alfworld,Mistral-7B-Instruct-v0.3,Qwen3.6-35B-A3B,1,104,0.6959,0.6468,0.0491,-0.0644,0.1686
