dataset,assessor,target,arm,capable,n,n_ep,n_pool_targets,parse_rate,g_degenerate,base,mean_u,p_hat,V,S_LOTO_raw,S_LOTO_quantile,S_g_quantile,S_oracle_pct,S_mid_gap,S_fitted,req_pct_quant,req_pct_g,req_pct_oracle,realized_flag_V,realized_flag_raw,realized_flag_quant,realized_flag_g,realized_flag_oracle,realized_flag_gap,gap_width,gap_mid,mass_extremes
alfworld,Llama-3.3-70B-Instruct,Llama-3.3-70B-Instruct,self,yes,4142,140,5,1.0000,0,0.4973,0.4401,0.4915,0.7931,0.7538,0.7667,0.7947,0.7974,0.7931,0.7979,34.1989,50.8541,50.2656,0.4457,0.3312,0.6581,0.4915,0.4976,0.4457,0.0622,0.4689,0.9073
alfworld,Llama-3.3-70B-Instruct,Mistral-7B-Instruct-v0.3,cross,yes,5866,140,5,1.0000,0,0.7712,0.8215,0.7795,0.7532,0.7881,0.7867,0.7798,0.7841,0.7532,0.7884,40.8007,22.0476,22.8776,0.8271,0.7424,0.5921,0.7796,0.7712,0.8271,0.0622,0.4689,0.9306
alfworld,Llama-3.3-70B-Instruct,Phi-4-mini-instruct,cross,yes,5682,140,5,1.0000,0,0.8073,0.9006,0.8511,0.6998,0.7246,0.7543,0.7460,0.7698,0.7014,0.7748,41.1629,14.8879,19.2714,0.9043,0.8759,0.5887,0.8511,0.8073,0.9023,0.0622,0.5311,0.9673
alfworld,Llama-3.3-70B-Instruct,Qwen3.6-35B-A3B,cross,yes,2705,140,5,1.0000,0,0.3453,0.1878,0.2708,0.6702,0.6086,0.6678,0.7043,0.7144,0.6673,0.7283,33.6661,72.9185,65.4713,0.1893,0.1083,0.6636,0.2710,0.3457,0.1856,0.0622,0.5311,0.9320
alfworld,Llama-3.3-70B-Instruct,deepseek-v4-flash,cross,yes,2981,120,5,1.0000,0,0.3053,0.2498,0.3770,0.7461,0.6752,0.7048,0.7704,0.7593,0.7461,0.7633,33.9565,62.3043,69.4733,0.2536,0.1422,0.6605,0.3771,0.3056,0.2536,0.0622,0.4689,0.9051
alfworld,Llama-3.3-70B-Instruct,gemma-3-4b-it,cross,yes,6372,140,5,1.0000,0,0.9027,0.9426,0.8462,0.7263,0.7485,0.7685,0.8168,0.7856,0.7263,0.8028,42.8705,15.3790,9.7301,0.9440,0.9309,0.5719,0.8462,0.9027,0.9440,0.0622,0.4689,0.9798
alfworld,Mistral-7B-Instruct-v0.3,Llama-3.3-70B-Instruct,cross,no,4142,140,5,1.0000,0,0.4973,0.0301,0.4897,0.5124,0.6414,0.6257,0.6390,0.6376,0.5117,0.6362,41.9809,51.0272,50.2656,0.0191,0.3962,0.5804,0.4899,0.4976,0.0174,0.0312,0.5156,0.9336
alfworld,Mistral-7B-Instruct-v0.3,Mistral-7B-Instruct-v0.3,self,no,5866,140,5,1.0000,0,0.7712,0.0480,0.5449,0.5078,0.5964,0.5968,0.5963,0.5792,0.5065,0.5941,44.7628,45.5146,22.8776,0.0292,0.5518,0.5525,0.5450,0.7712,0.0264,0.0312,0.5156,0.8929
alfworld,Mistral-7B-Instruct-v0.3,Phi-4-mini-instruct,cross,no,5682,140,5,1.0000,0,0.8073,0.0966,0.8436,0.5114,0.5870,0.5792,0.5801,0.5809,0.5099,0.5700,50.6934,15.6406,19.2714,0.0641,0.6610,0.4931,0.8435,0.8073,0.0590,0.0312,0.5156,0.7974
alfworld,Mistral-7B-Instruct-v0.3,Qwen3.6-35B-A3B,cross,no,2705,140,5,1.0000,0,0.3453,0.0048,0.3723,0.4997,0.5460,0.5287,0.5302,0.5361,0.5003,0.5465,48.8719,62.7695,65.4713,0.0015,0.1046,0.5116,0.3726,0.3457,0.0007,0.2360,0.6802,0.9904
alfworld,Mistral-7B-Instruct-v0.3,deepseek-v4-flash,cross,no,2981,120,5,1.0000,0,0.3053,0.0153,0.4623,0.4988,0.5437,0.5313,0.5404,0.5363,0.4988,0.5254,42.8191,53.7700,69.4733,0.0050,0.3942,0.5720,0.4626,0.3056,0.0050,0.0624,0.5000,0.9597
alfworld,Mistral-7B-Instruct-v0.3,gemma-3-4b-it,cross,no,6372,140,5,1.0000,0,0.9027,0.1192,0.9800,0.5186,0.6804,0.6382,0.5712,0.6596,0.5175,0.6753,51.5157,2.0000,9.7301,0.0772,0.7804,0.4849,0.9801,0.9027,0.0703,0.0312,0.5156,0.7199
alfworld,Phi-4-mini-instruct,Llama-3.3-70B-Instruct,cross,no,4142,140,5,1.0000,0,0.4973,0.4369,0.8313,0.5343,0.5446,0.5367,0.5225,0.5439,0.5330,0.5231,58.8071,16.8720,50.2656,0.4524,0.5270,0.4121,0.8312,0.4976,0.3998,0.0621,0.5311,0.2873
alfworld,Phi-4-mini-instruct,Mistral-7B-Instruct-v0.3,cross,no,5866,140,5,1.0000,0,0.7712,0.4337,0.7178,0.4712,0.4756,0.4763,0.4813,0.4836,0.4782,0.5016,58.7332,28.2246,22.8776,0.4272,0.5094,0.4127,0.7179,0.7712,0.3785,0.0621,0.5311,0.2687
alfworld,Phi-4-mini-instruct,Phi-4-mini-instruct,self,no,5682,140,5,1.0000,0,0.8073,0.3712,0.6002,0.4729,0.4679,0.4649,0.4697,0.4926,0.4705,0.4975,56.5349,39.9786,19.2714,0.3425,0.4076,0.4347,0.6003,0.8073,0.2976,0.0621,0.5311,0.3293
alfworld,Phi-4-mini-instruct,Qwen3.6-35B-A3B,cross,no,2705,140,5,1.0000,0,0.3453,0.1469,0.0482,0.4915,0.4457,0.4947,0.4933,0.4592,0.4933,0.5044,6.8123,95.1806,65.4713,0.0625,0.6621,0.9320,0.0484,0.3457,0.0484,0.0621,0.5311,0.5815
alfworld,Phi-4-mini-instruct,deepseek-v4-flash,cross,no,2981,120,5,1.0000,0,0.3053,0.2956,0.5778,0.4782,0.4901,0.5005,0.4779,0.4889,0.4782,0.4915,20.8422,42.2160,69.4733,0.2325,0.7511,0.7917,0.5780,0.3056,0.2325,0.0621,0.4689,0.2700
alfworld,Phi-4-mini-instruct,gemma-3-4b-it,cross,no,6372,140,5,1.0000,0,0.9027,0.4217,0.6529,0.5020,0.5086,0.4983,0.5212,0.5274,0.4966,0.5219,64.3525,34.7128,9.7301,0.4165,0.4477,0.3566,0.6529,0.9027,0.3584,0.0621,0.5311,0.1987
alfworld,Qwen3.6-35B-A3B,Llama-3.3-70B-Instruct,cross,yes,4142,140,5,1.0000,0,0.4973,0.6594,0.6038,0.7745,0.8531,0.7989,0.8202,0.8530,0.6755,0.8571,35.7451,39.6176,50.2656,0.6837,0.4853,0.6427,0.6038,0.4976,0.8071,0.0187,0.2571,0.4737
alfworld,Qwen3.6-35B-A3B,Mistral-7B-Instruct-v0.3,cross,yes,5866,140,5,1.0000,0,0.7712,0.8231,0.7559,0.7139,0.8139,0.8042,0.8084,0.8048,0.6754,0.8119,40.0512,24.4113,22.8776,0.8798,0.7189,0.5996,0.7559,0.7712,0.9062,0.0184,0.3904,0.6062
alfworld,Qwen3.6-35B-A3B,Phi-4-mini-instruct,cross,yes,5682,140,5,1.0000,0,0.8073,0.8844,0.8329,0.6683,0.7738,0.7652,0.7851,0.7919,0.6767,0.7977,39.9211,16.7081,19.2714,0.9256,0.8448,0.6008,0.8330,0.8073,0.9210,0.0190,0.5094,0.7480
alfworld,Qwen3.6-35B-A3B,Qwen3.6-35B-A3B,self,yes,2705,140,5,1.0000,0,0.3453,0.3703,0.2103,0.6380,0.5796,0.6539,0.6122,0.6391,0.6411,0.6741,32.6758,78.9710,65.4713,0.3482,0.1227,0.6732,0.2107,0.3457,0.3656,0.0191,0.4526,0.3039
alfworld,Qwen3.6-35B-A3B,deepseek-v4-flash,cross,yes,2981,120,5,1.0000,0,0.3053,0.4229,0.3549,0.8110,0.7234,0.6998,0.8138,0.8084,0.8151,0.7820,34.6873,64.5085,69.4733,0.4096,0.1731,0.6531,0.3552,0.3056,0.3918,0.0179,0.5089,0.2878
alfworld,Qwen3.6-35B-A3B,gemma-3-4b-it,cross,yes,6372,140,5,1.0000,0,0.9027,0.9034,0.8133,0.7118,0.8093,0.7851,0.8254,0.7892,0.6877,0.8283,44.4938,18.6750,9.7301,0.9501,0.8584,0.5551,0.8132,0.9027,0.9583,0.0227,0.3889,0.7643
alfworld,deepseek-v4-flash,deepseek-v4-flash,self,no,2114,90,0,1.0000,0,0.2677,0.4168,,0.6742,,,,0.6209,0.6630,0.6946,,,73.2261,0.4305,,,,0.2682,0.4026,0.0622,0.5311,0.6017
alfworld,gemma-3-4b-it,Llama-3.3-70B-Instruct,cross,no,4142,140,5,1.0000,0,0.4973,0.3564,0.7220,0.4761,0.5550,0.5576,0.5369,0.4952,0.4761,0.5520,19.7831,27.8001,50.2656,0.3551,0.7718,0.8023,0.7221,0.4976,0.3551,0.0622,0.4689,0.9425
alfworld,gemma-3-4b-it,Mistral-7B-Instruct-v0.3,cross,no,5866,140,5,1.0000,0,0.7712,0.4377,0.7732,0.4164,0.5520,0.5097,0.5105,0.5092,0.4164,0.5541,22.7950,22.6760,22.8776,0.4388,0.8880,0.7721,0.7733,0.7712,0.4388,0.0622,0.4689,0.9480
alfworld,gemma-3-4b-it,Phi-4-mini-instruct,cross,no,5682,140,5,1.0000,0,0.8073,0.4641,0.8009,0.4253,0.5523,0.5128,0.5232,0.5249,0.4241,0.5398,22.6910,19.9069,19.2714,0.4648,0.8926,0.7731,0.8010,0.8073,0.4620,0.0622,0.5311,0.9453
alfworld,gemma-3-4b-it,Qwen3.6-35B-A3B,cross,no,2705,140,5,1.0000,0,0.3453,0.1357,0.4653,0.4955,0.5673,0.5806,0.5517,0.5198,0.4953,0.5936,17.3142,53.4656,65.4713,0.1386,0.5264,0.8270,0.4654,0.3457,0.1357,0.0622,0.5311,0.9730
alfworld,gemma-3-4b-it,deepseek-v4-flash,cross,no,2981,120,5,1.0000,0,0.3053,0.1352,0.4923,0.4875,0.5354,0.5248,0.5173,0.4999,0.4868,0.5128,17.9553,50.7704,69.4733,0.1372,0.6300,0.8205,0.4925,0.3056,0.1359,0.0622,0.5311,0.9634
alfworld,gemma-3-4b-it,gemma-3-4b-it,self,no,6372,140,5,1.0000,0,0.9027,0.2436,0.4585,0.4090,0.5810,0.5657,0.4529,0.5926,0.4090,0.5833,21.6879,54.1504,9.7301,0.2437,0.8382,0.7831,0.4586,0.9027,0.2437,0.0622,0.4689,0.9459
hotpotqa,Llama-3.3-70B-Instruct,Llama-3.3-70B-Instruct,self,yes,1845,467,4,1.0000,0,0.1648,0.1386,0.1715,0.7396,0.7644,0.7842,0.7693,0.7614,0.7379,0.8157,52.0963,82.8478,83.5230,0.1393,0.1669,0.4791,0.1718,0.1653,0.1388,0.0622,0.5311,0.9431
hotpotqa,Llama-3.3-70B-Instruct,Mistral-7B-Instruct-v0.3,cross,yes,2607,492,4,1.0000,0,0.5577,0.5973,0.5926,0.8249,0.8104,0.7807,0.8284,0.8274,0.8249,0.8289,62.1244,40.7350,44.2271,0.6026,0.6567,0.3790,0.5926,0.5577,0.6026,0.0622,0.4689,0.9317
hotpotqa,Llama-3.3-70B-Instruct,Phi-4-mini-instruct,cross,yes,2229,466,4,1.0000,0,0.5608,0.5524,0.5262,0.8596,0.8547,0.8171,0.8645,0.8579,0.8609,0.8560,60.2953,47.3807,43.9210,0.5545,0.5980,0.3975,0.5262,0.5608,0.5518,0.0622,0.5311,0.9390
hotpotqa,Llama-3.3-70B-Instruct,Qwen3.6-35B-A3B,cross,yes,1784,497,4,1.0000,0,0.1031,0.0634,0.0996,0.6695,0.6961,0.7764,0.7107,0.7179,0.6619,0.8074,50.6846,90.0352,89.6861,0.0656,0.0830,0.4933,0.1003,0.1037,0.0628,0.0622,0.5311,0.9647
hotpotqa,Llama-3.3-70B-Instruct,gemma-3-4b-it,cross,yes,2229,487,4,1.0000,0,0.4751,0.4819,0.4751,0.8627,0.8623,0.8500,0.8606,0.8611,0.8617,0.8615,58.2871,52.4942,52.4899,0.4823,0.5271,0.4172,0.4751,0.4755,0.4787,0.0622,0.5311,0.9444
hotpotqa,Mistral-7B-Instruct-v0.3,Llama-3.3-70B-Instruct,cross,no,1845,467,4,1.0000,0,0.1648,0.0008,0.2312,0.5000,0.6504,0.6542,0.5938,0.5802,0.5026,0.6485,43.8807,76.8759,83.5230,0.0000,0.4461,0.5615,0.2314,0.1653,0.0022,0.1544,0.1246,0.9978
hotpotqa,Mistral-7B-Instruct-v0.3,Mistral-7B-Instruct-v0.3,self,no,2607,492,4,1.0000,0,0.5577,0.0074,0.4671,0.5016,0.6614,0.6423,0.6358,0.6524,0.5003,0.6601,48.2255,53.2866,44.2271,0.0027,0.6736,0.5178,0.4672,0.5577,0.0004,0.1274,0.8410,0.9808
hotpotqa,Mistral-7B-Instruct-v0.3,Phi-4-mini-instruct,cross,no,2229,466,4,1.0000,0,0.5608,0.0109,0.8356,0.5074,0.6562,0.6499,0.5959,0.6539,0.5074,0.6543,46.9699,16.4431,43.9210,0.0103,0.5796,0.5307,0.8358,0.5608,0.0103,0.2058,0.3971,0.9852
hotpotqa,Mistral-7B-Instruct-v0.3,Qwen3.6-35B-A3B,cross,no,1784,497,4,1.0000,0,0.1031,0.0006,0.2588,0.5000,0.7371,0.6964,0.7313,0.6240,0.4997,0.7193,41.2346,74.1198,89.6861,0.0000,0.4170,0.5880,0.2590,0.1037,0.0006,0.2016,0.2200,0.9989
hotpotqa,Mistral-7B-Instruct-v0.3,gemma-3-4b-it,cross,no,2229,487,4,1.0000,0,0.4751,0.0035,0.2784,0.5000,0.6800,0.6781,0.6331,0.6704,0.5011,0.6809,46.9344,72.1645,52.4899,0.0000,0.5523,0.5307,0.2786,0.4755,0.0045,0.0582,0.1936,0.9883
hotpotqa,Phi-4-mini-instruct,Llama-3.3-70B-Instruct,cross,no,1845,467,4,1.0000,0,0.1648,0.1578,0.5240,0.5697,0.6741,0.6740,0.6569,0.5901,0.5498,0.6706,60.9899,47.6019,83.5230,0.1106,0.4000,0.3902,0.5241,0.1653,0.0878,0.0619,0.5310,0.6222
hotpotqa,Phi-4-mini-instruct,Mistral-7B-Instruct-v0.3,cross,no,2607,492,4,1.0000,0,0.5577,0.1798,0.4864,0.5061,0.5291,0.5316,0.5297,0.5296,0.5061,0.5203,63.8803,51.3604,44.2271,0.1074,0.4956,0.3613,0.4868,0.5577,0.1074,0.0620,0.4689,0.5439
hotpotqa,Phi-4-mini-instruct,Phi-4-mini-instruct,self,no,2229,466,4,1.0000,0,0.5608,0.1479,0.3553,0.5186,0.5466,0.5457,0.5431,0.5355,0.5209,0.5443,61.0868,64.4727,43.9210,0.0781,0.3934,0.3894,0.3558,0.5608,0.0817,0.0621,0.4689,0.6442
hotpotqa,Phi-4-mini-instruct,Qwen3.6-35B-A3B,cross,no,1784,497,4,1.0000,0,0.1031,0.0769,0.3505,0.5058,0.5457,0.5800,0.5589,0.5240,0.4997,0.5963,57.3176,64.9502,89.6861,0.0168,0.2332,0.4271,0.3509,0.1037,0.0006,0.1006,0.9022,0.7904
hotpotqa,Phi-4-mini-instruct,gemma-3-4b-it,cross,no,2229,487,4,1.0000,0,0.4751,0.1431,0.3561,0.5264,0.5491,0.5532,0.5691,0.5642,0.5264,0.5751,42.0437,64.3946,52.4899,0.0781,0.5877,0.5796,0.3562,0.4755,0.0781,0.0621,0.4689,0.6487
hotpotqa,Qwen3.6-35B-A3B,Llama-3.3-70B-Instruct,cross,yes,1845,467,4,1.0000,0,0.1648,0.3454,0.2372,0.8148,0.7841,0.7869,0.7931,0.7535,0.8100,0.8182,50.9210,76.2813,83.5230,0.3360,0.2163,0.4911,0.2374,0.1653,0.3539,0.0260,0.4504,0.4477
hotpotqa,Qwen3.6-35B-A3B,Mistral-7B-Instruct-v0.3,cross,yes,2607,492,4,1.0000,0,0.5577,0.6945,0.6022,0.7677,0.8134,0.7651,0.8300,0.8243,0.7709,0.8262,61.0857,39.7847,44.2271,0.7453,0.6705,0.3893,0.6022,0.5577,0.7384,0.0264,0.5119,0.5692
hotpotqa,Qwen3.6-35B-A3B,Phi-4-mini-instruct,cross,yes,2229,466,4,1.0000,0,0.5608,0.6490,0.5214,0.8314,0.8686,0.8133,0.8641,0.8716,0.8200,0.8691,59.7637,47.8630,43.9210,0.6833,0.5994,0.4024,0.5218,0.5608,0.6949,0.0268,0.4206,0.5873
hotpotqa,Qwen3.6-35B-A3B,Qwen3.6-35B-A3B,self,yes,1784,497,4,1.0000,0,0.1031,0.2153,0.0211,0.8068,0.6762,0.7851,0.5787,0.7361,0.8020,0.8327,51.6947,97.8910,89.6861,0.1670,0.0645,0.4832,0.0219,0.1037,0.1648,0.0284,0.5136,0.5336
hotpotqa,Qwen3.6-35B-A3B,gemma-3-4b-it,cross,yes,2229,487,4,1.0000,0,0.4751,0.5741,0.4494,0.8514,0.8760,0.8609,0.8705,0.8736,0.8507,0.8724,57.2711,55.0649,52.4899,0.5980,0.5128,0.4275,0.4495,0.4755,0.6025,0.0274,0.4515,0.5855
hotpotqa,gemma-3-4b-it,Llama-3.3-70B-Instruct,cross,no,1845,467,4,1.0000,0,0.1648,0.0207,0.3738,0.5221,0.6310,0.6257,0.6286,0.5960,0.5221,0.6297,42.3890,62.6227,83.5230,0.0222,0.3832,0.5762,0.3740,0.1653,0.0222,0.3520,0.3240,0.9951
hotpotqa,gemma-3-4b-it,Mistral-7B-Instruct-v0.3,cross,no,2607,492,4,1.0000,0,0.5577,0.0276,0.3441,0.5080,0.6390,0.6170,0.5934,0.6338,0.5058,0.6378,49.1530,65.5894,44.2271,0.0280,0.6590,0.5086,0.3445,0.5577,0.0238,0.1736,0.8179,0.9908
hotpotqa,gemma-3-4b-it,Phi-4-mini-instruct,cross,no,2229,466,4,1.0000,0,0.5608,0.0557,0.9800,0.5372,0.6688,0.6648,0.5166,0.6703,0.5356,0.6759,50.9037,2.0000,43.9210,0.0561,0.5917,0.4913,0.9798,0.5608,0.0543,0.1170,0.6207,0.9865
hotpotqa,gemma-3-4b-it,Qwen3.6-35B-A3B,cross,no,1784,497,4,1.0000,0,0.1031,0.0057,0.2929,0.5032,0.6599,0.6513,0.6759,0.6149,0.5032,0.6402,41.8406,70.7150,89.6861,0.0050,0.3599,0.5818,0.2932,0.1037,0.0050,0.4120,0.6748,0.9978
hotpotqa,gemma-3-4b-it,gemma-3-4b-it,self,no,2229,487,4,1.0000,0,0.4751,0.0195,0.2710,0.5068,0.6989,0.6836,0.6255,0.6767,0.5044,0.6921,47.6078,72.9028,52.4899,0.0193,0.6146,0.5240,0.2714,0.4755,0.0170,0.1728,0.7656,0.9924
